scrape_timestamp,search_id,source_airport,destination_airport,source_city,destination_city,route,travel_date,departure_datetime,arrival_datetime,departure_hour,arrival_hour,airline,flight_number,aircraft,travel_class,duration_minutes,stops,stop_airports,price,currency,days_left,day_of_week,is_weekend,is_holiday,price_category,previous_price,price_change,price_change_percent,surge_flag,cheapest_flag
2026-05-22T11:09:29.522651+00:00,6a103966a4817cdab85679f9,DEL,BOM,Delhi,Mumbai,DEL-BOM,2026-05-23,2026-05-23T23:25:00,2026-05-24T01:50:00,23,1,Air India Express,IX 1235,Boeing 737MAX 8 Passenger,Economy,145,0,,7707,INR,1,Saturday,True,False,medium,,,,False,True
2026-05-22T11:09:29.522651+00:00,6a103966a4817cdab85679f9,DEL,BOM,Delhi,Mumbai,DEL-BOM,2026-05-23,2026-05-23T08:45:00,2026-05-23T11:00:00,8,11,IndiGo,6E 675,Airbus A321neo,Economy,135,0,,7713,INR,1,Saturday,True,False,medium,,,,False,False
2026-05-22T11:09:29.522651+00:00,6a103966a4817cdab85679f9,DEL,BOM,Delhi,Mumbai,DEL-BOM,2026-05-23,2026-05-23T08:30:00,2026-05-23T10:45:00,8,10,Air India,AI 2678,Airbus A320neo,Economy,135,0,,7868,INR,1,Saturday,True,False,medium,,,,False,False
2026-05-22T11:09:29.522651+00:00,6a103966a4817cdab85679f9,DEL,BOM,Delhi,Mumbai,DEL-BOM,2026-05-23,2026-05-23T17:30:00,2026-05-23T19:50:00,17,19,Akasa Air,QP 1820,Boeing 737MAX 8 Passenger,Economy,140,0,,8164,INR,1,Saturday,True,False,medium,,,,False,False
2026-05-22T11:09:29.522651+00:00,6a103966a4817cdab85679f9,DEL,BOM,Delhi,Mumbai,DEL-BOM,2026-05-23,2026-05-23T22:00:00,2026-05-24T00:10:00,22,0,SpiceJet,SG 1476,Boeing 737,Economy,130,0,,8339,INR,1,Saturday,True,False,medium,,,,False,False
2026-05-22T11:09:29.522651+00:00,6a103966a4817cdab85679f9,DEL,BOM,Delhi,Mumbai,DEL-BOM,2026-05-23,2026-05-23T05:00:00,2026-05-23T07:15:00,5,7,IndiGo,6E 449,Airbus A321neo,Economy,135,0,,7713,INR,1,Saturday,True,False,medium,,,,False,False
2026-05-22T11:09:29.522651+00:00,6a103966a4817cdab85679f9,DEL,BOM,Delhi,Mumbai,DEL-BOM,2026-05-23,2026-05-23T06:05:00,2026-05-23T08:20:00,6,8,IndiGo,6E 6218,Airbus A321neo,Economy,135,0,,7713,INR,1,Saturday,True,False,medium,,,,False,False
2026-05-22T11:09:29.522651+00:00,6a103966a4817cdab85679f9,DEL,BOM,Delhi,Mumbai,DEL-BOM,2026-05-23,2026-05-23T07:15:00,2026-05-23T09:30:00,7,9,IndiGo,6E 6814,Airbus A321neo,Economy,135,0,,7713,INR,1,Saturday,True,False,medium,,,,False,False
2026-05-22T11:09:29.522651+00:00,6a103966a4817cdab85679f9,DEL,BOM,Delhi,Mumbai,DEL-BOM,2026-05-23,2026-05-23T08:00:00,2026-05-23T10:20:00,8,10,IndiGo,6E 320,Airbus A321neo,Economy,140,0,,7713,INR,1,Saturday,True,False,medium,,,,False,False
2026-05-22T11:09:29.522651+00:00,6a103966a4817cdab85679f9,DEL,BOM,Delhi,Mumbai,DEL-BOM,2026-05-23,2026-05-23T09:30:00,2026-05-23T11:55:00,9,11,IndiGo,6E 6107,Airbus A321neo,Economy,145,0,,7713,INR,1,Saturday,True,False,medium,,,,False,False
2026-05-22T11:09:29.522651+00:00,6a103966a4817cdab85679f9,DEL,BOM,Delhi,Mumbai,DEL-BOM,2026-05-23,2026-05-23T16:15:00,2026-05-23T18:40:00,16,18,IndiGo,6E 327,Airbus A321neo,Economy,145,0,,7713,INR,1,Saturday,True,False,medium,,,,False,False
2026-05-22T11:09:29.522651+00:00,6a103966a4817cdab85679f9,DEL,BOM,Delhi,Mumbai,DEL-BOM,2026-05-23,2026-05-23T18:00:00,2026-05-23T20:15:00,18,20,IndiGo,6E 329,Airbus A321neo,Economy,135,0,,7713,INR,1,Saturday,True,False,medium,,,,False,False
2026-05-22T11:09:29.522651+00:00,6a103966a4817cdab85679f9,DEL,BOM,Delhi,Mumbai,DEL-BOM,2026-05-23,2026-05-23T22:45:00,2026-05-24T01:05:00,22,1,IndiGo,6E 6114,Airbus A321neo,Economy,140,0,,7713,INR,1,Saturday,True,False,medium,,,,False,False
2026-05-22T11:09:29.522651+00:00,6a103966a4817cdab85679f9,DEL,BOM,Delhi,Mumbai,DEL-BOM,2026-05-23,2026-05-23T23:30:00,2026-05-24T01:45:00,23,1,IndiGo,6E 322,Airbus A321neo,Economy,135,0,,7713,INR,1,Saturday,True,False,medium,,,,False,False
2026-05-22T11:09:29.522651+00:00,6a103966a4817cdab85679f9,DEL,BOM,Delhi,Mumbai,DEL-BOM,2026-05-23,2026-05-23T07:30:00,2026-05-23T09:55:00,7,9,Air India,AI 2943,Airbus A350,Economy,145,0,,7868,INR,1,Saturday,True,False,medium,,,,False,False
2026-05-22T11:09:29.522651+00:00,6a103966a4817cdab85679f9,DEL,BOM,Delhi,Mumbai,DEL-BOM,2026-05-23,2026-05-23T09:30:00,2026-05-23T12:00:00,9,12,Air India,AI 2927,Airbus A320neo,Economy,150,0,,7868,INR,1,Saturday,True,False,medium,,,,False,False
2026-05-22T11:09:29.522651+00:00,6a103966a4817cdab85679f9,DEL,BOM,Delhi,Mumbai,DEL-BOM,2026-05-23,2026-05-23T10:00:00,2026-05-23T12:25:00,10,12,Air India,AI 2995,Airbus A320neo,Economy,145,0,,7868,INR,1,Saturday,True,False,medium,,,,False,False
2026-05-22T11:09:29.522651+00:00,6a103966a4817cdab85679f9,DEL,BOM,Delhi,Mumbai,DEL-BOM,2026-05-23,2026-05-23T16:00:00,2026-05-23T18:25:00,16,18,Air India,AI 1777,Airbus A320neo,Economy,145,0,,7868,INR,1,Saturday,True,False,medium,,,,False,False
2026-05-22T11:09:29.522651+00:00,6a103966a4817cdab85679f9,DEL,BOM,Delhi,Mumbai,DEL-BOM,2026-05-23,2026-05-23T16:30:00,2026-05-23T18:50:00,16,18,Air India,AI 2941,Airbus A320neo,Economy,140,0,,7868,INR,1,Saturday,True,False,medium,,,,False,False
2026-05-22T11:09:29.522651+00:00,6a103966a4817cdab85679f9,DEL,BOM,Delhi,Mumbai,DEL-BOM,2026-05-23,2026-05-23T17:00:00,2026-05-23T19:25:00,17,19,Air India,AI 441,Boeing 787,Economy,145,0,,7868,INR,1,Saturday,True,False,medium,,,,False,False
2026-05-22T11:09:29.522651+00:00,6a103966a4817cdab85679f9,DEL,BOM,Delhi,Mumbai,DEL-BOM,2026-05-23,2026-05-23T17:30:00,2026-05-23T19:55:00,17,19,Air India,AI 1736,Airbus A320neo,Economy,145,0,,7868,INR,1,Saturday,True,False,medium,,,,False,False
2026-05-22T11:09:29.522651+00:00,6a103966a4817cdab85679f9,DEL,BOM,Delhi,Mumbai,DEL-BOM,2026-05-23,2026-05-23T18:00:00,2026-05-23T20:25:00,18,20,Air India,AI 2955,Airbus A320neo,Economy,145,0,,7868,INR,1,Saturday,True,False,medium,,,,False,False
2026-05-22T11:09:29.522651+00:00,6a103966a4817cdab85679f9,DEL,BOM,Delhi,Mumbai,DEL-BOM,2026-05-23,2026-05-23T20:00:00,2026-05-23T22:25:00,20,22,Air India,AI 2805,Airbus A321,Economy,145,0,,7868,INR,1,Saturday,True,False,medium,,,,False,False
2026-05-22T11:09:29.522651+00:00,6a103966a4817cdab85679f9,DEL,BOM,Delhi,Mumbai,DEL-BOM,2026-05-23,2026-05-23T20:30:00,2026-05-23T23:00:00,20,23,Air India,AI 2957,Airbus A320neo,Economy,150,0,,7868,INR,1,Saturday,True,False,medium,,,,False,False
2026-05-22T11:09:29.522651+00:00,6a103966a4817cdab85679f9,DEL,BOM,Delhi,Mumbai,DEL-BOM,2026-05-23,2026-05-23T21:30:00,2026-05-23T23:55:00,21,23,Air India,AI 2433,Airbus A320neo,Economy,145,0,,7868,INR,1,Saturday,True,False,medium,,,,False,False
2026-05-22T11:09:29.522651+00:00,6a103966a4817cdab85679f9,DEL,BOM,Delhi,Mumbai,DEL-BOM,2026-05-23,2026-05-23T22:00:00,2026-05-24T00:25:00,22,0,Air India,AI 2999,Airbus A321,Economy,145,0,,7868,INR,1,Saturday,True,False,medium,,,,False,False
2026-05-22T11:09:29.522651+00:00,6a103966a4817cdab85679f9,DEL,BOM,Delhi,Mumbai,DEL-BOM,2026-05-23,2026-05-23T22:30:00,2026-05-24T00:55:00,22,0,Air India,AI 2437,Airbus A320neo,Economy,145,0,,7868,INR,1,Saturday,True,False,medium,,,,False,False
2026-05-22T11:09:29.522651+00:00,6a103966a4817cdab85679f9,DEL,BOM,Delhi,Mumbai,DEL-BOM,2026-05-23,2026-05-23T23:00:00,2026-05-24T01:25:00,23,1,Air India,AI 2439,Airbus A320neo,Economy,145,0,,7868,INR,1,Saturday,True,False,medium,,,,False,False
2026-05-22T11:09:29.522651+00:00,6a103966a4817cdab85679f9,DEL,BOM,Delhi,Mumbai,DEL-BOM,2026-05-23,2026-05-23T10:15:00,2026-05-23T12:35:00,10,12,IndiGo,6E 6328,Airbus A321neo,Economy,140,0,,7923,INR,1,Saturday,True,False,medium,,,,False,False
2026-05-22T11:09:29.522651+00:00,6a103966a4817cdab85679f9,DEL,BOM,Delhi,Mumbai,DEL-BOM,2026-05-23,2026-05-23T17:00:00,2026-05-23T19:15:00,17,19,IndiGo,6E 6706,Airbus A321neo,Economy,135,0,,7923,INR,1,Saturday,True,False,medium,,,,False,False
2026-05-22T11:09:29.522651+00:00,6a103966a4817cdab85679f9,DEL,BOM,Delhi,Mumbai,DEL-BOM,2026-05-23,2026-05-23T21:45:00,2026-05-24T00:05:00,21,0,IndiGo,6E 395,Airbus A321neo,Economy,140,0,,7923,INR,1,Saturday,True,False,medium,,,,False,False
2026-05-22T11:09:29.522651+00:00,6a103966a4817cdab85679f9,DEL,BOM,Delhi,Mumbai,DEL-BOM,2026-05-23,2026-05-23T05:30:00,2026-05-23T07:55:00,5,7,Air India,AI 1745,Airbus A320neo,Economy,145,0,,8078,INR,1,Saturday,True,False,medium,,,,False,False
2026-05-22T11:09:29.522651+00:00,6a103966a4817cdab85679f9,DEL,BOM,Delhi,Mumbai,DEL-BOM,2026-05-23,2026-05-23T07:00:00,2026-05-23T09:25:00,7,9,Air India,AI 2429,Airbus A320neo,Economy,145,0,,8078,INR,1,Saturday,True,False,medium,,,,False,False
2026-05-22T11:09:29.522651+00:00,6a103966a4817cdab85679f9,DEL,BOM,Delhi,Mumbai,DEL-BOM,2026-05-23,2026-05-23T09:00:00,2026-05-23T11:15:00,9,11,Air India,AI 2963,Airbus A320neo,Economy,135,0,,8078,INR,1,Saturday,True,False,medium,,,,False,False
2026-05-22T11:09:29.522651+00:00,6a103966a4817cdab85679f9,DEL,BOM,Delhi,Mumbai,DEL-BOM,2026-05-23,2026-05-23T10:30:00,2026-05-23T12:50:00,10,12,Air India,AI 2425,Airbus A320neo,Economy,140,0,,8078,INR,1,Saturday,True,False,medium,,,,False,False
2026-05-22T11:09:29.522651+00:00,6a103966a4817cdab85679f9,DEL,BOM,Delhi,Mumbai,DEL-BOM,2026-05-23,2026-05-23T15:30:00,2026-05-23T17:55:00,15,17,Air India,AI 2933,Airbus A350,Economy,145,0,,8078,INR,1,Saturday,True,False,medium,,,,False,False
2026-05-22T11:09:29.522651+00:00,6a103966a4817cdab85679f9,DEL,BOM,Delhi,Mumbai,DEL-BOM,2026-05-23,2026-05-23T21:00:00,2026-05-23T23:20:00,21,23,Air India,AI 2981,Airbus A320neo,Economy,140,0,,8078,INR,1,Saturday,True,False,medium,,,,False,False
2026-05-22T11:09:29.522651+00:00,6a103966a4817cdab85679f9,DEL,BOM,Delhi,Mumbai,DEL-BOM,2026-05-23,2026-05-23T19:00:00,2026-05-23T21:25:00,19,21,Air India,AI 2977,Airbus A320neo,Economy,145,0,,8147,INR,1,Saturday,True,False,medium,,,,False,False
2026-05-22T11:09:29.522651+00:00,6a103966a4817cdab85679f9,DEL,BOM,Delhi,Mumbai,DEL-BOM,2026-05-23,2026-05-23T19:30:00,2026-05-23T21:55:00,19,21,Air India,AI 2985,Airbus A320neo,Economy,145,0,,8288,INR,1,Saturday,True,False,medium,,,,False,False
2026-05-22T11:09:29.522651+00:00,6a103966a4817cdab85679f9,DEL,BOM,Delhi,Mumbai,DEL-BOM,2026-05-23,2026-05-23T18:00:00,2026-05-23T20:15:00,18,20,Air India Express,IX 1056,Airbus A320,Economy,135,0,,8289,INR,1,Saturday,True,False,medium,,,,False,False
2026-05-22T11:09:29.522651+00:00,6a103966a4817cdab85679f9,DEL,BOM,Delhi,Mumbai,DEL-BOM,2026-05-23,2026-05-23T11:00:00,2026-05-23T13:25:00,11,13,Air India,AI 2945,Airbus A320neo,Economy,145,0,,8320,INR,1,Saturday,True,False,medium,,,,False,False
2026-05-22T11:09:29.522651+00:00,6a103966a4817cdab85679f9,DEL,BOM,Delhi,Mumbai,DEL-BOM,2026-05-23,2026-05-23T07:50:00,2026-05-23T10:10:00,7,10,SpiceJet,SG 630,Boeing 737,Economy,140,0,,8339,INR,1,Saturday,True,False,medium,,,,False,False
2026-05-22T11:09:29.522651+00:00,6a103966a4817cdab85679f9,DEL,BOM,Delhi,Mumbai,DEL-BOM,2026-05-23,2026-05-23T16:00:00,2026-05-23T18:20:00,16,18,Akasa Air,QP 1128,Boeing 737MAX 8 Passenger,Economy,140,0,,8430,INR,1,Saturday,True,False,medium,,,,False,False
2026-05-22T11:09:29.522651+00:00,6a103966a4817cdab85679f9,DEL,BOM,Delhi,Mumbai,DEL-BOM,2026-05-23,2026-05-23T19:55:00,2026-05-23T22:20:00,19,22,Akasa Air,QP 1826,Boeing 737MAX 8 Passenger,Economy,145,0,,8430,INR,1,Saturday,True,False,medium,,,,False,False
2026-05-22T11:09:29.522651+00:00,6a103966a4817cdab85679f9,DEL,BOM,Delhi,Mumbai,DEL-BOM,2026-05-23,2026-05-23T03:00:00,2026-05-23T05:20:00,3,5,IndiGo,6E 353,Airbus A321neo,Economy,140,0,,8448,INR,1,Saturday,True,False,medium,,,,False,False
2026-05-22T11:09:29.522651+00:00,6a103966a4817cdab85679f9,DEL,BOM,Delhi,Mumbai,DEL-BOM,2026-05-23,2026-05-23T15:30:00,2026-05-23T17:45:00,15,17,IndiGo,6E 864,Airbus A321neo,Economy,135,0,,8448,INR,1,Saturday,True,False,medium,,,,False,False
2026-05-22T11:09:29.522651+00:00,6a103966a4817cdab85679f9,DEL,BOM,Delhi,Mumbai,DEL-BOM,2026-05-23,2026-05-23T19:00:00,2026-05-23T21:25:00,19,21,IndiGo,6E 354,Airbus A321neo,Economy,145,0,,8448,INR,1,Saturday,True,False,medium,,,,False,False
2026-05-22T11:09:29.522651+00:00,6a103966a4817cdab85679f9,DEL,BOM,Delhi,Mumbai,DEL-BOM,2026-05-23,2026-05-23T20:00:00,2026-05-23T22:10:00,20,22,IndiGo,6E 303,Airbus A321neo,Economy,130,0,,8448,INR,1,Saturday,True,False,medium,,,,False,False
2026-05-22T11:09:29.522651+00:00,6a103966a4817cdab85679f9,DEL,BOM,Delhi,Mumbai,DEL-BOM,2026-05-23,2026-05-23T08:40:00,2026-05-23T11:05:00,8,11,Akasa Air,QP 1119,Boeing 737MAX 8 Passenger,Economy,145,0,,8708,INR,1,Saturday,True,False,medium,,,,False,False
2026-05-22T11:09:29.522651+00:00,6a103966a4817cdab85679f9,DEL,BOM,Delhi,Mumbai,DEL-BOM,2026-05-23,2026-05-23T10:00:00,2026-05-23T12:20:00,10,12,Akasa Air,QP 1110,Boeing 737MAX 8 Passenger,Economy,140,0,,8708,INR,1,Saturday,True,False,medium,,,,False,False
2026-05-22T11:09:29.522651+00:00,6a103966a4817cdab85679f9,DEL,BOM,Delhi,Mumbai,DEL-BOM,2026-05-23,2026-05-23T12:00:00,2026-05-23T14:15:00,12,14,IndiGo,6E 6676,Airbus A321neo,Economy,135,0,,8763,INR,1,Saturday,True,False,medium,,,,False,False
2026-05-22T11:09:29.522651+00:00,6a103966a4817cdab85679f9,DEL,BOM,Delhi,Mumbai,DEL-BOM,2026-05-23,2026-05-23T13:00:00,2026-05-23T15:20:00,13,15,IndiGo,6E 324,Airbus A321neo,Economy,140,0,,8763,INR,1,Saturday,True,False,medium,,,,False,False
2026-05-22T11:09:29.522651+00:00,6a103966a4817cdab85679f9,DEL,BOM,Delhi,Mumbai,DEL-BOM,2026-05-23,2026-05-23T14:00:00,2026-05-23T16:25:00,14,16,IndiGo,6E 6022,Airbus A321neo,Economy,145,0,,8763,INR,1,Saturday,True,False,medium,,,,False,False
2026-05-22T11:09:29.522651+00:00,6a103966a4817cdab85679f9,DEL,BOM,Delhi,Mumbai,DEL-BOM,2026-05-23,2026-05-23T14:45:00,2026-05-23T17:05:00,14,17,IndiGo,6E 6318,Airbus A321neo,Economy,140,0,,8763,INR,1,Saturday,True,False,medium,,,,False,False
2026-05-22T11:09:29.522651+00:00,6a103966a4817cdab85679f9,DEL,BOM,Delhi,Mumbai,DEL-BOM,2026-05-23,2026-05-23T20:45:00,2026-05-23T23:00:00,20,23,IndiGo,6E 853,Airbus A321neo,Economy,135,0,,8763,INR,1,Saturday,True,False,medium,,,,False,False
2026-05-22T11:09:29.522651+00:00,6a103966a4817cdab85679f9,DEL,BOM,Delhi,Mumbai,DEL-BOM,2026-05-23,2026-05-23T20:10:00,2026-05-23T22:35:00,20,22,SpiceJet,SG 162,Boeing 737,Economy,145,0,,8801,INR,1,Saturday,True,False,medium,,,,False,False
2026-05-22T11:09:29.522651+00:00,6a103966a4817cdab85679f9,DEL,BOM,Delhi,Mumbai,DEL-BOM,2026-05-23,2026-05-23T11:00:00,2026-05-23T13:15:00,11,13,IndiGo,6E 6047,Airbus A321neo,Economy,135,0,,9183,INR,1,Saturday,True,False,medium,,,,False,False
2026-05-22T11:09:29.522651+00:00,6a103966a4817cdab85679f9,DEL,BOM,Delhi,Mumbai,DEL-BOM,2026-05-23,2026-05-23T12:00:00,2026-05-23T14:25:00,12,14,Air India,AI 1785,Airbus A320neo,Economy,145,0,,9370,INR,1,Saturday,True,False,medium,,,,False,False
2026-05-22T11:09:29.522651+00:00,6a103966a4817cdab85679f9,DEL,BOM,Delhi,Mumbai,DEL-BOM,2026-05-23,2026-05-23T14:10:00,2026-05-23T16:35:00,14,16,Air India,AI 2441,Airbus A320neo,Economy,145,0,,9370,INR,1,Saturday,True,False,medium,,,,False,False
2026-05-22T11:09:29.522651+00:00,6a103966a4817cdab85679f9,DEL,BOM,Delhi,Mumbai,DEL-BOM,2026-05-23,2026-05-23T13:30:00,2026-05-23T15:50:00,13,15,Air India,AI 2951,Airbus A320neo,Economy,140,0,,24264,INR,1,Saturday,True,False,high,,,,False,False
2026-05-22T11:09:32.678383+00:00,6a10396a6c3283e7ded49320,BOM,DEL,Mumbai,Delhi,BOM-DEL,2026-05-23,2026-05-23T23:45:00,2026-05-24T02:00:00,23,2,IndiGo,6E 350,Airbus A321neo,Economy,135,0,,7745,INR,1,Saturday,True,False,medium,,,,False,False
2026-05-22T11:09:32.678383+00:00,6a10396a6c3283e7ded49320,BOM,DEL,Mumbai,Delhi,BOM-DEL,2026-05-23,2026-05-23T23:10:00,2026-05-24T01:30:00,23,1,SpiceJet,SG 631,Boeing 737,Economy,140,0,,7766,INR,1,Saturday,True,False,medium,,,,False,False
2026-05-22T11:09:32.678383+00:00,6a10396a6c3283e7ded49320,BOM,DEL,Mumbai,Delhi,BOM-DEL,2026-05-23,2026-05-23T23:55:00,2026-05-24T02:15:00,23,2,Air India,AI 1882,Airbus A320neo,Economy,140,0,,7900,INR,1,Saturday,True,False,medium,,,,False,False
2026-05-22T11:09:32.678383+00:00,6a10396a6c3283e7ded49320,BOM,DEL,Mumbai,Delhi,BOM-DEL,2026-05-23,2026-05-23T13:00:00,2026-05-23T15:20:00,13,15,Akasa Air,QP 1127,Boeing 737MAX 8 Passenger,Economy,140,0,,7936,INR,1,Saturday,True,False,medium,,,,False,False
2026-05-22T11:09:32.678383+00:00,6a10396a6c3283e7ded49320,BOM,DEL,Mumbai,Delhi,BOM-DEL,2026-05-23,2026-05-23T17:35:00,2026-05-23T21:20:00,17,21,IndiGo,6E 6027 + 6E 6229,Airbus A320neo,Economy,225,1,UDR,7396,INR,1,Saturday,True,False,medium,,,,False,True
2026-05-22T11:09:32.678383+00:00,6a10396a6c3283e7ded49320,BOM,DEL,Mumbai,Delhi,BOM-DEL,2026-05-23,2026-05-23T16:00:00,2026-05-23T18:15:00,16,18,IndiGo,6E 313,Airbus A321neo,Economy,135,0,,7745,INR,1,Saturday,True,False,medium,,,,False,False
2026-05-22T11:09:32.678383+00:00,6a10396a6c3283e7ded49320,BOM,DEL,Mumbai,Delhi,BOM-DEL,2026-05-23,2026-05-23T16:45:00,2026-05-23T18:55:00,16,18,IndiGo,6E 6082,Airbus A321neo,Economy,130,0,,7745,INR,1,Saturday,True,False,medium,,,,False,False
2026-05-22T11:09:32.678383+00:00,6a10396a6c3283e7ded49320,BOM,DEL,Mumbai,Delhi,BOM-DEL,2026-05-23,2026-05-23T17:20:00,2026-05-23T19:45:00,17,19,IndiGo,6E 315,Airbus A321neo,Economy,145,0,,7745,INR,1,Saturday,True,False,medium,,,,False,False
2026-05-22T11:09:32.678383+00:00,6a10396a6c3283e7ded49320,BOM,DEL,Mumbai,Delhi,BOM-DEL,2026-05-23,2026-05-23T18:15:00,2026-05-23T20:30:00,18,20,IndiGo,6E 6613,Airbus A321neo,Economy,135,0,,7745,INR,1,Saturday,True,False,medium,,,,False,False
2026-05-22T11:09:32.678383+00:00,6a10396a6c3283e7ded49320,BOM,DEL,Mumbai,Delhi,BOM-DEL,2026-05-23,2026-05-23T19:00:00,2026-05-23T21:15:00,19,21,IndiGo,6E 317,Airbus A321neo,Economy,135,0,,7745,INR,1,Saturday,True,False,medium,,,,False,False
2026-05-22T11:09:32.678383+00:00,6a10396a6c3283e7ded49320,BOM,DEL,Mumbai,Delhi,BOM-DEL,2026-05-23,2026-05-23T19:45:00,2026-05-23T21:55:00,19,21,IndiGo,6E 6049,Airbus A321neo,Economy,130,0,,7745,INR,1,Saturday,True,False,medium,,,,False,False
2026-05-22T11:09:32.678383+00:00,6a10396a6c3283e7ded49320,BOM,DEL,Mumbai,Delhi,BOM-DEL,2026-05-23,2026-05-23T20:30:00,2026-05-23T22:45:00,20,22,IndiGo,6E 330,Airbus A321neo,Economy,135,0,,7745,INR,1,Saturday,True,False,medium,,,,False,False
2026-05-22T11:09:32.678383+00:00,6a10396a6c3283e7ded49320,BOM,DEL,Mumbai,Delhi,BOM-DEL,2026-05-23,2026-05-23T21:15:00,2026-05-23T23:30:00,21,23,IndiGo,6E 102,Airbus A321neo,Economy,135,0,,7745,INR,1,Saturday,True,False,medium,,,,False,False
2026-05-22T11:09:32.678383+00:00,6a10396a6c3283e7ded49320,BOM,DEL,Mumbai,Delhi,BOM-DEL,2026-05-23,2026-05-23T22:15:00,2026-05-24T00:30:00,22,0,IndiGo,6E 651,Airbus A321neo,Economy,135,0,,7745,INR,1,Saturday,True,False,medium,,,,False,False
2026-05-22T11:09:32.678383+00:00,6a10396a6c3283e7ded49320,BOM,DEL,Mumbai,Delhi,BOM-DEL,2026-05-23,2026-05-23T16:45:00,2026-05-23T19:05:00,16,19,Air India Express,IX 1671,Boeing 737MAX 8 Passenger,Economy,140,0,,7791,INR,1,Saturday,True,False,medium,,,,False,False
2026-05-22T11:09:32.678383+00:00,6a10396a6c3283e7ded49320,BOM,DEL,Mumbai,Delhi,BOM-DEL,2026-05-23,2026-05-23T14:05:00,2026-05-23T16:25:00,14,16,Air India,AI 2960,Airbus A320neo,Economy,140,0,,7900,INR,1,Saturday,True,False,medium,,,,False,False
2026-05-22T11:09:32.678383+00:00,6a10396a6c3283e7ded49320,BOM,DEL,Mumbai,Delhi,BOM-DEL,2026-05-23,2026-05-23T14:35:00,2026-05-23T16:55:00,14,16,Air India,AI 2944,Airbus A320neo,Economy,140,0,,7900,INR,1,Saturday,True,False,medium,,,,False,False
2026-05-22T11:09:32.678383+00:00,6a10396a6c3283e7ded49320,BOM,DEL,Mumbai,Delhi,BOM-DEL,2026-05-23,2026-05-23T15:00:00,2026-05-23T17:20:00,15,17,Air India,AI 2442,Airbus A320neo,Economy,140,0,,7900,INR,1,Saturday,True,False,medium,,,,False,False
2026-05-22T11:09:32.678383+00:00,6a10396a6c3283e7ded49320,BOM,DEL,Mumbai,Delhi,BOM-DEL,2026-05-23,2026-05-23T15:30:00,2026-05-23T17:50:00,15,17,Air India,AI 1851,Airbus A320neo,Economy,140,0,,7900,INR,1,Saturday,True,False,medium,,,,False,False
2026-05-22T11:09:32.678383+00:00,6a10396a6c3283e7ded49320,BOM,DEL,Mumbai,Delhi,BOM-DEL,2026-05-23,2026-05-23T16:30:00,2026-05-23T19:00:00,16,19,Air India,AI 2687,Airbus A320neo,Economy,150,0,,7900,INR,1,Saturday,True,False,medium,,,,False,False
2026-05-22T11:09:32.678383+00:00,6a10396a6c3283e7ded49320,BOM,DEL,Mumbai,Delhi,BOM-DEL,2026-05-23,2026-05-23T17:30:00,2026-05-23T19:50:00,17,19,Air India,AI 2910,Airbus A320neo,Economy,140,0,,7900,INR,1,Saturday,True,False,medium,,,,False,False
2026-05-22T11:09:32.678383+00:00,6a10396a6c3283e7ded49320,BOM,DEL,Mumbai,Delhi,BOM-DEL,2026-05-23,2026-05-23T18:00:00,2026-05-23T20:20:00,18,20,Air India,AI 2440,Airbus A320neo,Economy,140,0,,7900,INR,1,Saturday,True,False,medium,,,,False,False
2026-05-22T11:09:32.678383+00:00,6a10396a6c3283e7ded49320,BOM,DEL,Mumbai,Delhi,BOM-DEL,2026-05-23,2026-05-23T18:30:00,2026-05-23T20:50:00,18,20,Air India,AI 2996,Airbus A321,Economy,140,0,,7900,INR,1,Saturday,True,False,medium,,,,False,False
2026-05-22T11:09:32.678383+00:00,6a10396a6c3283e7ded49320,BOM,DEL,Mumbai,Delhi,BOM-DEL,2026-05-23,2026-05-23T19:00:00,2026-05-23T21:20:00,19,21,Air India,AI 2426,Airbus A320neo,Economy,140,0,,7900,INR,1,Saturday,True,False,medium,,,,False,False
2026-05-22T11:09:32.678383+00:00,6a10396a6c3283e7ded49320,BOM,DEL,Mumbai,Delhi,BOM-DEL,2026-05-23,2026-05-23T19:30:00,2026-05-23T21:45:00,19,21,Air India,AI 2408,Airbus A350,Economy,135,0,,7900,INR,1,Saturday,True,False,medium,,,,False,False
2026-05-22T11:09:32.678383+00:00,6a10396a6c3283e7ded49320,BOM,DEL,Mumbai,Delhi,BOM-DEL,2026-05-23,2026-05-23T20:00:00,2026-05-23T22:20:00,20,22,Air India,AI 2940,Airbus A320neo,Economy,140,0,,7900,INR,1,Saturday,True,False,medium,,,,False,False
2026-05-22T11:09:32.678383+00:00,6a10396a6c3283e7ded49320,BOM,DEL,Mumbai,Delhi,BOM-DEL,2026-05-23,2026-05-23T20:30:00,2026-05-23T22:50:00,20,22,Air India,AI 2988,Airbus A320neo,Economy,140,0,,7900,INR,1,Saturday,True,False,medium,,,,False,False
2026-05-22T11:09:32.678383+00:00,6a10396a6c3283e7ded49320,BOM,DEL,Mumbai,Delhi,BOM-DEL,2026-05-23,2026-05-23T21:00:00,2026-05-23T23:15:00,21,23,Air India,AI 816,Boeing 787,Economy,135,0,,7900,INR,1,Saturday,True,False,medium,,,,False,False
2026-05-22T11:09:32.678383+00:00,6a10396a6c3283e7ded49320,BOM,DEL,Mumbai,Delhi,BOM-DEL,2026-05-23,2026-05-23T21:30:00,2026-05-23T23:45:00,21,23,Air India,AI 1895,Airbus A320neo,Economy,135,0,,7900,INR,1,Saturday,True,False,medium,,,,False,False
2026-05-22T11:09:32.678383+00:00,6a10396a6c3283e7ded49320,BOM,DEL,Mumbai,Delhi,BOM-DEL,2026-05-23,2026-05-23T22:35:00,2026-05-24T01:00:00,22,1,Air India,AI 2986,Airbus A320neo,Economy,145,0,,7900,INR,1,Saturday,True,False,medium,,,,False,False
2026-05-22T11:09:32.678383+00:00,6a10396a6c3283e7ded49320,BOM,DEL,Mumbai,Delhi,BOM-DEL,2026-05-23,2026-05-23T23:35:00,2026-05-24T01:45:00,23,1,SpiceJet,SG 164,Boeing 737,Economy,130,0,,8150,INR,1,Saturday,True,False,medium,,,,False,False
2026-05-22T11:09:32.678383+00:00,6a10396a6c3283e7ded49320,BOM,DEL,Mumbai,Delhi,BOM-DEL,2026-05-23,2026-05-23T15:00:00,2026-05-23T17:15:00,15,17,IndiGo,6E 349,Airbus A321neo,Economy,135,0,,8165,INR,1,Saturday,True,False,medium,,,,False,False
2026-05-22T11:09:32.678383+00:00,6a10396a6c3283e7ded49320,BOM,DEL,Mumbai,Delhi,BOM-DEL,2026-05-23,2026-05-23T13:00:00,2026-05-23T15:15:00,13,15,Air India,AI 2677,Airbus A320neo,Economy,135,0,,8179,INR,1,Saturday,True,False,medium,,,,False,False
2026-05-22T11:09:32.678383+00:00,6a10396a6c3283e7ded49320,BOM,DEL,Mumbai,Delhi,BOM-DEL,2026-05-23,2026-05-23T14:30:00,2026-05-23T16:50:00,14,16,Akasa Air,QP 1819,Boeing 737MAX 8 Passenger,Economy,140,0,,8196,INR,1,Saturday,True,False,medium,,,,False,False
2026-05-22T11:09:32.678383+00:00,6a10396a6c3283e7ded49320,BOM,DEL,Mumbai,Delhi,BOM-DEL,2026-05-23,2026-05-23T17:00:00,2026-05-23T19:15:00,17,19,Akasa Air,QP 1825,Boeing 737MAX 8 Passenger,Economy,135,0,,8196,INR,1,Saturday,True,False,medium,,,,False,False
2026-05-22T11:09:32.678383+00:00,6a10396a6c3283e7ded49320,BOM,DEL,Mumbai,Delhi,BOM-DEL,2026-05-23,2026-05-23T12:00:00,2026-05-23T14:20:00,12,14,Air India,AI 2419,Airbus A320neo,Economy,140,0,,8352,INR,1,Saturday,True,False,medium,,,,False,False
2026-05-22T11:09:32.678383+00:00,6a10396a6c3283e7ded49320,BOM,DEL,Mumbai,Delhi,BOM-DEL,2026-05-23,2026-05-23T12:15:00,2026-05-23T14:25:00,12,14,IndiGo,6E 6028,Airbus A321neo,Economy,130,0,,8480,INR,1,Saturday,True,False,medium,,,,False,False
2026-05-22T11:09:32.678383+00:00,6a10396a6c3283e7ded49320,BOM,DEL,Mumbai,Delhi,BOM-DEL,2026-05-23,2026-05-23T13:00:00,2026-05-23T15:15:00,13,15,IndiGo,6E 615,Airbus A321neo,Economy,135,0,,8480,INR,1,Saturday,True,False,medium,,,,False,False
2026-05-22T11:09:32.678383+00:00,6a10396a6c3283e7ded49320,BOM,DEL,Mumbai,Delhi,BOM-DEL,2026-05-23,2026-05-23T14:00:00,2026-05-23T16:15:00,14,16,IndiGo,6E 6704,Airbus A321neo,Economy,135,0,,8480,INR,1,Saturday,True,False,medium,,,,False,False
2026-05-22T11:09:32.678383+00:00,6a10396a6c3283e7ded49320,BOM,DEL,Mumbai,Delhi,BOM-DEL,2026-05-23,2026-05-23T14:55:00,2026-05-23T17:10:00,14,17,Air India Express,IX 1050,Airbus A320,Economy,135,0,,8603,INR,1,Saturday,True,False,medium,,,,False,False
2026-05-22T11:09:32.678383+00:00,6a10396a6c3283e7ded49320,BOM,DEL,Mumbai,Delhi,BOM-DEL,2026-05-23,2026-05-23T11:25:00,2026-05-23T13:35:00,11,13,Air India,AI 2952,Airbus A350,Economy,130,0,,8688,INR,1,Saturday,True,False,medium,,,,False,False
2026-05-22T11:09:32.678383+00:00,6a10396a6c3283e7ded49320,BOM,DEL,Mumbai,Delhi,BOM-DEL,2026-05-23,2026-05-23T19:00:00,2026-05-23T21:15:00,19,21,Akasa Air,QP 1120,Boeing 737MAX 8 Passenger,Economy,135,0,,8740,INR,1,Saturday,True,False,medium,,,,False,False
2026-05-22T11:09:32.678383+00:00,6a10396a6c3283e7ded49320,BOM,DEL,Mumbai,Delhi,BOM-DEL,2026-05-23,2026-05-23T10:45:00,2026-05-23T13:00:00,10,13,IndiGo,6E 310,Airbus A321neo,Economy,135,0,,8795,INR,1,Saturday,True,False,medium,,,,False,False
2026-05-22T11:09:32.678383+00:00,6a10396a6c3283e7ded49320,BOM,DEL,Mumbai,Delhi,BOM-DEL,2026-05-23,2026-05-23T11:30:00,2026-05-23T13:45:00,11,13,IndiGo,6E 6827,Airbus A321neo,Economy,135,0,,8795,INR,1,Saturday,True,False,medium,,,,False,False
2026-05-22T11:09:32.678383+00:00,6a10396a6c3283e7ded49320,BOM,DEL,Mumbai,Delhi,BOM-DEL,2026-05-23,2026-05-23T07:30:00,2026-05-23T09:45:00,7,9,Air India,AI 2930,Airbus A320neo,Economy,135,0,,8835,INR,1,Saturday,True,False,medium,,,,False,False
2026-05-22T11:09:32.678383+00:00,6a10396a6c3283e7ded49320,BOM,DEL,Mumbai,Delhi,BOM-DEL,2026-05-23,2026-05-23T08:00:00,2026-05-23T10:20:00,8,10,Air India,AI 2428,Airbus A320neo,Economy,140,0,,8835,INR,1,Saturday,True,False,medium,,,,False,False
2026-05-22T11:09:32.678383+00:00,6a10396a6c3283e7ded49320,BOM,DEL,Mumbai,Delhi,BOM-DEL,2026-05-23,2026-05-23T08:30:00,2026-05-23T10:50:00,8,10,Air India,AI 2970,Airbus A320neo,Economy,140,0,,9108,INR,1,Saturday,True,False,medium,,,,False,False
2026-05-22T11:09:32.678383+00:00,6a10396a6c3283e7ded49320,BOM,DEL,Mumbai,Delhi,BOM-DEL,2026-05-23,2026-05-23T09:00:00,2026-05-23T11:15:00,9,11,Air India,AI 1890,Airbus A320neo,Economy,135,0,,9108,INR,1,Saturday,True,False,medium,,,,False,False
2026-05-22T11:09:32.678383+00:00,6a10396a6c3283e7ded49320,BOM,DEL,Mumbai,Delhi,BOM-DEL,2026-05-23,2026-05-23T09:30:00,2026-05-23T11:50:00,9,11,Air India,AI 2432,Airbus A320neo,Economy,140,0,,9108,INR,1,Saturday,True,False,medium,,,,False,False
2026-05-22T11:09:32.678383+00:00,6a10396a6c3283e7ded49320,BOM,DEL,Mumbai,Delhi,BOM-DEL,2026-05-23,2026-05-23T05:00:00,2026-05-23T07:10:00,5,7,IndiGo,6E 656,Airbus A321neo,Economy,130,0,,9215,INR,1,Saturday,True,False,medium,,,,False,False
2026-05-22T11:09:32.678383+00:00,6a10396a6c3283e7ded49320,BOM,DEL,Mumbai,Delhi,BOM-DEL,2026-05-23,2026-05-23T09:00:00,2026-05-23T11:15:00,9,11,IndiGo,6E 355,Airbus A321neo,Economy,135,0,,9215,INR,1,Saturday,True,False,medium,,,,False,False
2026-05-22T11:09:32.678383+00:00,6a10396a6c3283e7ded49320,BOM,DEL,Mumbai,Delhi,BOM-DEL,2026-05-23,2026-05-23T10:00:00,2026-05-23T12:30:00,10,12,IndiGo,6E 6052,Airbus A321neo,Economy,150,0,,9215,INR,1,Saturday,True,False,medium,,,,False,False
2026-05-22T11:09:32.678383+00:00,6a10396a6c3283e7ded49320,BOM,DEL,Mumbai,Delhi,BOM-DEL,2026-05-23,2026-05-23T07:00:00,2026-05-23T09:20:00,7,9,Akasa Air,QP 1109,Boeing 737MAX 8 Passenger,Economy,140,0,,9323,INR,1,Saturday,True,False,medium,,,,False,False
2026-05-22T11:09:32.678383+00:00,6a10396a6c3283e7ded49320,BOM,DEL,Mumbai,Delhi,BOM-DEL,2026-05-23,2026-05-23T06:00:00,2026-05-23T08:10:00,6,8,IndiGo,6E 762,Airbus A321neo,Economy,130,0,,9635,INR,1,Saturday,True,False,medium,,,,False,False
2026-05-22T11:09:32.678383+00:00,6a10396a6c3283e7ded49320,BOM,DEL,Mumbai,Delhi,BOM-DEL,2026-05-23,2026-05-23T07:00:00,2026-05-23T09:10:00,7,9,IndiGo,6E 301,Airbus A321neo,Economy,130,0,,9635,INR,1,Saturday,True,False,medium,,,,False,False
2026-05-22T11:09:32.678383+00:00,6a10396a6c3283e7ded49320,BOM,DEL,Mumbai,Delhi,BOM-DEL,2026-05-23,2026-05-23T08:00:00,2026-05-23T10:15:00,8,10,IndiGo,6E 333,Airbus A321neo,Economy,135,0,,9635,INR,1,Saturday,True,False,medium,,,,False,False
2026-05-22T11:09:32.678383+00:00,6a10396a6c3283e7ded49320,BOM,DEL,Mumbai,Delhi,BOM-DEL,2026-05-23,2026-05-23T06:25:00,2026-05-23T08:35:00,6,8,SpiceJet,SG 252,Boeing 737,Economy,130,0,,9796,INR,1,Saturday,True,False,medium,,,,False,False
2026-05-22T11:09:32.678383+00:00,6a10396a6c3283e7ded49320,BOM,DEL,Mumbai,Delhi,BOM-DEL,2026-05-23,2026-05-23T03:00:00,2026-05-23T05:10:00,3,5,IndiGo,6E 6045,Airbus A321neo,Economy,130,0,,10160,INR,1,Saturday,True,False,high,,,,False,False
2026-05-22T11:09:32.678383+00:00,6a10396a6c3283e7ded49320,BOM,DEL,Mumbai,Delhi,BOM-DEL,2026-05-23,2026-05-23T01:00:00,2026-05-23T03:20:00,1,3,Air India,AI 2422,Airbus A320neo,Economy,140,0,,11029,INR,1,Saturday,True,False,high,,,,False,False
2026-05-22T11:09:32.678383+00:00,6a10396a6c3283e7ded49320,BOM,DEL,Mumbai,Delhi,BOM-DEL,2026-05-23,2026-05-23T06:30:00,2026-05-23T08:40:00,6,8,Air India,AI 2928,Airbus A320neo,Economy,130,0,,11029,INR,1,Saturday,True,False,high,,,,False,False
2026-05-22T11:09:32.678383+00:00,6a10396a6c3283e7ded49320,BOM,DEL,Mumbai,Delhi,BOM-DEL,2026-05-23,2026-05-23T07:00:00,2026-05-23T09:15:00,7,9,Air India,AI 2424,Airbus A320neo,Economy,135,0,,11029,INR,1,Saturday,True,False,high,,,,False,False
2026-05-22T11:09:35.639555+00:00,6a10396de171b96d66dbe855,DEL,BLR,Delhi,Bengaluru,DEL-BLR,2026-05-23,2026-05-23T18:20:00,2026-05-23T21:10:00,18,21,IndiGo,6E 811,Airbus A321neo,Economy,170,0,,11223,INR,1,Saturday,True,False,high,,,,False,False
2026-05-22T11:09:35.639555+00:00,6a10396de171b96d66dbe855,DEL,BLR,Delhi,Bengaluru,DEL-BLR,2026-05-23,2026-05-23T22:55:00,2026-05-24T01:50:00,22,1,Akasa Air,QP 1812,Boeing 737MAX 8 Passenger,Economy,175,0,,11705,INR,1,Saturday,True,False,high,,,,False,False
2026-05-22T11:09:35.639555+00:00,6a10396de171b96d66dbe855,DEL,BLR,Delhi,Bengaluru,DEL-BLR,2026-05-23,2026-05-23T19:20:00,2026-05-23T22:15:00,19,22,SpiceJet,SG 151,Boeing 737,Economy,175,0,,11714,INR,1,Saturday,True,False,high,,,,False,False
2026-05-22T11:09:35.639555+00:00,6a10396de171b96d66dbe855,DEL,BLR,Delhi,Bengaluru,DEL-BLR,2026-05-23,2026-05-23T11:50:00,2026-05-24T00:05:00,11,0,Air India Express,IX 1617 + IX 1542,Airbus A320 + Boeing 737MAX 8 Passenger,Economy,735,1,LKO,10679,INR,1,Saturday,True,False,high,,,,False,True
2026-05-22T11:09:35.639555+00:00,6a10396de171b96d66dbe855,DEL,BLR,Delhi,Bengaluru,DEL-BLR,2026-05-23,2026-05-23T19:30:00,2026-05-23T22:25:00,19,22,IndiGo,6E 861,Airbus A321neo,Economy,175,0,,11838,INR,1,Saturday,True,False,high,,,,False,False
2026-05-22T11:09:35.639555+00:00,6a10396de171b96d66dbe855,DEL,BLR,Delhi,Bengaluru,DEL-BLR,2026-05-23,2026-05-23T20:45:00,2026-05-23T23:40:00,20,23,IndiGo,6E 6515,Airbus A321neo,Economy,175,0,,11838,INR,1,Saturday,True,False,high,,,,False,False
2026-05-22T11:09:35.639555+00:00,6a10396de171b96d66dbe855,DEL,BLR,Delhi,Bengaluru,DEL-BLR,2026-05-23,2026-05-23T23:30:00,2026-05-24T02:25:00,23,2,IndiGo,6E 871,Airbus A321neo,Economy,175,0,,11838,INR,1,Saturday,True,False,high,,,,False,False
2026-05-22T11:09:35.639555+00:00,6a10396de171b96d66dbe855,DEL,BLR,Delhi,Bengaluru,DEL-BLR,2026-05-23,2026-05-23T21:55:00,2026-05-24T00:35:00,21,0,Akasa Air,QP 1350,Boeing 737MAX 8 Passenger,Economy,160,0,,12133,INR,1,Saturday,True,False,high,,,,False,False
2026-05-22T11:09:35.639555+00:00,6a10396de171b96d66dbe855,DEL,BLR,Delhi,Bengaluru,DEL-BLR,2026-05-23,2026-05-23T11:55:00,2026-05-23T15:00:00,11,15,SpiceJet,SG 199,Boeing 737,Economy,185,0,,12406,INR,1,Saturday,True,False,high,,,,False,False
2026-05-22T11:09:35.639555+00:00,6a10396de171b96d66dbe855,DEL,BLR,Delhi,Bengaluru,DEL-BLR,2026-05-23,2026-05-23T12:15:00,2026-05-23T15:20:00,12,15,IndiGo,6E 850,Airbus A321neo,Economy,185,0,,12491,INR,1,Saturday,True,False,high,,,,False,False
2026-05-22T11:09:35.639555+00:00,6a10396de171b96d66dbe855,DEL,BLR,Delhi,Bengaluru,DEL-BLR,2026-05-23,2026-05-23T17:00:00,2026-05-23T19:55:00,17,19,IndiGo,6E 837,Airbus A321neo,Economy,175,0,,12491,INR,1,Saturday,True,False,high,,,,False,False
2026-05-22T11:09:35.639555+00:00,6a10396de171b96d66dbe855,DEL,BLR,Delhi,Bengaluru,DEL-BLR,2026-05-23,2026-05-23T22:00:00,2026-05-24T00:55:00,22,0,IndiGo,6E 846,Airbus A321neo,Economy,175,0,,12491,INR,1,Saturday,True,False,high,,,,False,False
2026-05-22T11:09:35.639555+00:00,6a10396de171b96d66dbe855,DEL,BLR,Delhi,Bengaluru,DEL-BLR,2026-05-23,2026-05-23T19:30:00,2026-05-23T22:20:00,19,22,Air India,AI 2809,Airbus A320neo,Economy,170,0,,12531,INR,1,Saturday,True,False,high,,,,False,False
2026-05-22T11:09:35.639555+00:00,6a10396de171b96d66dbe855,DEL,BLR,Delhi,Bengaluru,DEL-BLR,2026-05-23,2026-05-23T10:25:00,2026-05-23T13:20:00,10,13,Air India Express,IX 2749,Airbus A320neo,Economy,175,0,,12741,INR,1,Saturday,True,False,high,,,,False,False
2026-05-22T11:09:35.639555+00:00,6a10396de171b96d66dbe855,DEL,BLR,Delhi,Bengaluru,DEL-BLR,2026-05-23,2026-05-23T16:40:00,2026-05-23T19:30:00,16,19,Akasa Air,QP 1822,Boeing 737MAX 8 Passenger,Economy,170,0,,13042,INR,1,Saturday,True,False,high,,,,False,False
2026-05-22T11:09:35.639555+00:00,6a10396de171b96d66dbe855,DEL,BLR,Delhi,Bengaluru,DEL-BLR,2026-05-23,2026-05-23T13:15:00,2026-05-23T16:10:00,13,16,IndiGo,6E 176,Airbus A321neo,Economy,175,0,,13185,INR,1,Saturday,True,False,high,,,,False,False
2026-05-22T11:09:35.639555+00:00,6a10396de171b96d66dbe855,DEL,BLR,Delhi,Bengaluru,DEL-BLR,2026-05-23,2026-05-23T14:30:00,2026-05-23T17:25:00,14,17,IndiGo,6E 828,Airbus A321neo,Economy,175,0,,13185,INR,1,Saturday,True,False,high,,,,False,False
2026-05-22T11:09:35.639555+00:00,6a10396de171b96d66dbe855,DEL,BLR,Delhi,Bengaluru,DEL-BLR,2026-05-23,2026-05-23T15:45:00,2026-05-23T18:40:00,15,18,IndiGo,6E 880,Airbus A321neo,Economy,175,0,,13185,INR,1,Saturday,True,False,high,,,,False,False
2026-05-22T11:09:35.639555+00:00,6a10396de171b96d66dbe855,DEL,BLR,Delhi,Bengaluru,DEL-BLR,2026-05-23,2026-05-23T15:50:00,2026-05-23T18:50:00,15,18,Air India,AI 2664,Airbus A320neo,Economy,180,0,,13497,INR,1,Saturday,True,False,high,,,,False,False
2026-05-22T11:09:35.639555+00:00,6a10396de171b96d66dbe855,DEL,BLR,Delhi,Bengaluru,DEL-BLR,2026-05-23,2026-05-23T16:30:00,2026-05-23T19:15:00,16,19,Air India,AI 2817,Airbus A320neo,Economy,165,0,,13497,INR,1,Saturday,True,False,high,,,,False,False
2026-05-22T11:09:35.639555+00:00,6a10396de171b96d66dbe855,DEL,BLR,Delhi,Bengaluru,DEL-BLR,2026-05-23,2026-05-23T18:30:00,2026-05-23T21:25:00,18,21,Air India,AI 2487,Airbus A320neo,Economy,175,0,,13497,INR,1,Saturday,True,False,high,,,,False,False
2026-05-22T11:09:35.639555+00:00,6a10396de171b96d66dbe855,DEL,BLR,Delhi,Bengaluru,DEL-BLR,2026-05-23,2026-05-23T21:30:00,2026-05-24T00:25:00,21,0,Air India,AI 2412,Airbus A320neo,Economy,175,0,,13497,INR,1,Saturday,True,False,high,,,,False,False
2026-05-22T11:09:35.639555+00:00,6a10396de171b96d66dbe855,DEL,BLR,Delhi,Bengaluru,DEL-BLR,2026-05-23,2026-05-23T14:45:00,2026-05-23T17:45:00,14,17,SpiceJet,SG 188,Boeing 737,Economy,180,0,,13969,INR,1,Saturday,True,False,high,,,,False,False
2026-05-22T11:09:35.639555+00:00,6a10396de171b96d66dbe855,DEL,BLR,Delhi,Bengaluru,DEL-BLR,2026-05-23,2026-05-23T20:50:00,2026-05-23T23:50:00,20,23,Akasa Air,QP 1824,Boeing 737MAX 8 Passenger,Economy,180,0,,14024,INR,1,Saturday,True,False,high,,,,False,False
2026-05-22T11:09:35.639555+00:00,6a10396de171b96d66dbe855,DEL,BLR,Delhi,Bengaluru,DEL-BLR,2026-05-23,2026-05-23T13:00:00,2026-05-23T15:55:00,13,15,Air India,AI 2417,Airbus A320neo,Economy,175,0,,14106,INR,1,Saturday,True,False,high,,,,False,False
2026-05-22T11:09:35.639555+00:00,6a10396de171b96d66dbe855,DEL,BLR,Delhi,Bengaluru,DEL-BLR,2026-05-23,2026-05-23T22:30:00,2026-05-24T01:25:00,22,1,Air India Express,IX 1070,Boeing 737MAX 8 Passenger,Economy,175,0,,14118,INR,1,Saturday,True,False,high,,,,False,False
2026-05-22T11:09:35.639555+00:00,6a10396de171b96d66dbe855,DEL,BLR,Delhi,Bengaluru,DEL-BLR,2026-05-23,2026-05-23T19:00:00,2026-05-23T21:55:00,19,21,Air India,AI 2512,Airbus A320neo,Economy,175,0,,15376,INR,1,Saturday,True,False,high,,,,False,False
2026-05-22T11:09:35.639555+00:00,6a10396de171b96d66dbe855,DEL,BLR,Delhi,Bengaluru,DEL-BLR,2026-05-23,2026-05-23T07:05:00,2026-05-23T10:00:00,7,10,IndiGo,6E 810,Airbus A321neo,Economy,175,0,,15533,INR,1,Saturday,True,False,high,,,,False,False
2026-05-22T11:09:35.639555+00:00,6a10396de171b96d66dbe855,DEL,BLR,Delhi,Bengaluru,DEL-BLR,2026-05-23,2026-05-23T15:00:00,2026-05-23T17:55:00,15,17,Air India,AI 2819,Airbus A320neo,Economy,175,0,,15660,INR,1,Saturday,True,False,high,,,,False,False
2026-05-22T11:09:35.639555+00:00,6a10396de171b96d66dbe855,DEL,BLR,Delhi,Bengaluru,DEL-BLR,2026-05-23,2026-05-23T20:00:00,2026-05-23T22:55:00,20,22,Air India,AI 2807,Airbus A320neo,Economy,175,0,,15660,INR,1,Saturday,True,False,high,,,,False,False
2026-05-22T11:09:35.639555+00:00,6a10396de171b96d66dbe855,DEL,BLR,Delhi,Bengaluru,DEL-BLR,2026-05-23,2026-05-23T10:30:00,2026-05-23T13:20:00,10,13,Air India,AI 2485,Airbus A320neo,Economy,170,0,,15938,INR,1,Saturday,True,False,high,,,,False,False
2026-05-22T11:09:35.639555+00:00,6a10396de171b96d66dbe855,DEL,BLR,Delhi,Bengaluru,DEL-BLR,2026-05-23,2026-05-23T07:00:00,2026-05-23T09:55:00,7,9,Air India,AI 2815,Airbus A320neo,Economy,175,0,,17907,INR,1,Saturday,True,False,high,,,,False,False
2026-05-22T11:09:35.639555+00:00,6a10396de171b96d66dbe855,DEL,BLR,Delhi,Bengaluru,DEL-BLR,2026-05-23,2026-05-23T08:30:00,2026-05-23T11:20:00,8,11,Air India,AI 427,Boeing 787,Economy,170,0,,17907,INR,1,Saturday,True,False,high,,,,False,False
2026-05-22T11:09:35.639555+00:00,6a10396de171b96d66dbe855,DEL,BLR,Delhi,Bengaluru,DEL-BLR,2026-05-23,2026-05-23T18:00:00,2026-05-23T20:55:00,18,20,Air India,AI 2813,Airbus A320neo,Economy,175,0,,17907,INR,1,Saturday,True,False,high,,,,False,False
2026-05-22T11:09:35.639555+00:00,6a10396de171b96d66dbe855,DEL,BLR,Delhi,Bengaluru,DEL-BLR,2026-05-23,2026-05-23T15:00:00,2026-05-23T17:55:00,15,17,Air India Express,IX 5702,Boeing 737,Economy,175,0,,22610,INR,1,Saturday,True,False,high,,,,False,False
2026-05-22T11:09:35.639555+00:00,6a10396de171b96d66dbe855,DEL,BLR,Delhi,Bengaluru,DEL-BLR,2026-05-23,2026-05-23T00:15:00,2026-05-23T03:10:00,0,3,Air India,AI 2757,Airbus A320neo,Economy,175,0,,24306,INR,1,Saturday,True,False,high,,,,False,False
2026-05-22T11:09:35.639555+00:00,6a10396de171b96d66dbe855,DEL,BLR,Delhi,Bengaluru,DEL-BLR,2026-05-23,2026-05-23T04:30:00,2026-05-23T07:20:00,4,7,Air India,AI 2653,Airbus A320neo,Economy,170,0,,24306,INR,1,Saturday,True,False,high,,,,False,False
2026-05-22T11:09:35.639555+00:00,6a10396de171b96d66dbe855,DEL,BLR,Delhi,Bengaluru,DEL-BLR,2026-05-23,2026-05-23T06:30:00,2026-05-23T09:25:00,6,9,Air India,AI 2803,Airbus A320neo,Economy,175,0,,24306,INR,1,Saturday,True,False,high,,,,False,False
2026-05-22T11:09:35.639555+00:00,6a10396de171b96d66dbe855,DEL,BLR,Delhi,Bengaluru,DEL-BLR,2026-05-23,2026-05-23T09:30:00,2026-05-23T12:25:00,9,12,Air India,AI 2415,Airbus A320neo,Economy,175,0,,24306,INR,1,Saturday,True,False,high,,,,False,False
2026-05-22T11:09:38.682108+00:00,6a10397069a322581dd0f573,BLR,DEL,Bengaluru,Delhi,BLR-DEL,2026-05-23,2026-05-23T18:15:00,2026-05-23T21:05:00,18,21,IndiGo,6E 6034,Airbus A321neo,Economy,170,0,,9095,INR,1,Saturday,True,False,medium,,,,False,False
2026-05-22T11:09:38.682108+00:00,6a10397069a322581dd0f573,BLR,DEL,Bengaluru,Delhi,BLR-DEL,2026-05-23,2026-05-23T18:25:00,2026-05-23T21:20:00,18,21,SpiceJet,SG 189,Boeing 737,Economy,175,0,,9349,INR,1,Saturday,True,False,medium,,,,False,False
2026-05-22T11:09:38.682108+00:00,6a10397069a322581dd0f573,BLR,DEL,Bengaluru,Delhi,BLR-DEL,2026-05-23,2026-05-23T14:30:00,2026-05-23T17:15:00,14,17,Air India,AI 428,Boeing 787,Economy,165,0,,9403,INR,1,Saturday,True,False,medium,,,,False,False
2026-05-22T11:09:38.682108+00:00,6a10397069a322581dd0f573,BLR,DEL,Bengaluru,Delhi,BLR-DEL,2026-05-23,2026-05-23T10:00:00,2026-05-23T15:20:00,10,15,Air India Express,IX 1480 + IX 1618,Airbus A320 + Boeing 737MAX 8 Passenger,Economy,320,1,LKO,8955,INR,1,Saturday,True,False,medium,,,,False,True
2026-05-22T11:09:38.682108+00:00,6a10397069a322581dd0f573,BLR,DEL,Bengaluru,Delhi,BLR-DEL,2026-05-23,2026-05-23T18:15:00,2026-05-24T01:40:00,18,1,Air India Express,IX 1541 + IX 2073,Airbus A320neo + Boeing 737MAX 8 Passenger,Economy,445,1,LKO,8955,INR,1,Saturday,True,False,medium,,,,False,True
2026-05-22T11:09:38.682108+00:00,6a10397069a322581dd0f573,BLR,DEL,Bengaluru,Delhi,BLR-DEL,2026-05-23,2026-05-23T19:30:00,2026-05-23T22:15:00,19,22,IndiGo,6E 870,Airbus A321neo,Economy,165,0,,9095,INR,1,Saturday,True,False,medium,,,,False,False
2026-05-22T11:09:38.682108+00:00,6a10397069a322581dd0f573,BLR,DEL,Bengaluru,Delhi,BLR-DEL,2026-05-23,2026-05-23T20:40:00,2026-05-23T23:30:00,20,23,IndiGo,6E 817,Airbus A321neo,Economy,170,0,,9095,INR,1,Saturday,True,False,medium,,,,False,False
2026-05-22T11:09:38.682108+00:00,6a10397069a322581dd0f573,BLR,DEL,Bengaluru,Delhi,BLR-DEL,2026-05-23,2026-05-23T22:00:00,2026-05-24T00:50:00,22,0,IndiGo,6E 6406,Airbus A321neo,Economy,170,0,,9095,INR,1,Saturday,True,False,medium,,,,False,False
2026-05-22T11:09:38.682108+00:00,6a10397069a322581dd0f573,BLR,DEL,Bengaluru,Delhi,BLR-DEL,2026-05-23,2026-05-23T23:30:00,2026-05-24T02:20:00,23,2,IndiGo,6E 2313,Airbus A321neo,Economy,170,0,,9095,INR,1,Saturday,True,False,medium,,,,False,False
2026-05-22T11:09:38.682108+00:00,6a10397069a322581dd0f573,BLR,DEL,Bengaluru,Delhi,BLR-DEL,2026-05-23,2026-05-23T11:20:00,2026-05-23T14:10:00,11,14,Air India Express,IX 5701,Boeing 737,Economy,170,0,,9291,INR,1,Saturday,True,False,medium,,,,False,False
2026-05-22T11:09:38.682108+00:00,6a10397069a322581dd0f573,BLR,DEL,Bengaluru,Delhi,BLR-DEL,2026-05-23,2026-05-23T16:00:00,2026-05-23T19:00:00,16,19,SpiceJet,SG 200,Boeing 737,Economy,180,0,,9349,INR,1,Saturday,True,False,medium,,,,False,False
2026-05-22T11:09:38.682108+00:00,6a10397069a322581dd0f573,BLR,DEL,Bengaluru,Delhi,BLR-DEL,2026-05-23,2026-05-23T22:55:00,2026-05-24T01:45:00,22,1,SpiceJet,SG 152,Boeing 737,Economy,170,0,,9349,INR,1,Saturday,True,False,medium,,,,False,False
2026-05-22T11:09:38.682108+00:00,6a10397069a322581dd0f573,BLR,DEL,Bengaluru,Delhi,BLR-DEL,2026-05-23,2026-05-23T17:00:00,2026-05-23T19:50:00,17,19,IndiGo,6E 6039,Airbus A321neo,Economy,170,0,,9350,INR,1,Saturday,True,False,medium,,,,False,False
2026-05-22T11:09:38.682108+00:00,6a10397069a322581dd0f573,BLR,DEL,Bengaluru,Delhi,BLR-DEL,2026-05-23,2026-05-23T15:00:00,2026-05-23T18:00:00,15,18,Air India,AI 2511,Airbus A320neo,Economy,180,0,,9403,INR,1,Saturday,True,False,medium,,,,False,False
2026-05-22T11:09:38.682108+00:00,6a10397069a322581dd0f573,BLR,DEL,Bengaluru,Delhi,BLR-DEL,2026-05-23,2026-05-23T16:30:00,2026-05-23T19:25:00,16,19,Air India,AI 2418,Airbus A320neo,Economy,175,0,,9403,INR,1,Saturday,True,False,medium,,,,False,False
2026-05-22T11:09:38.682108+00:00,6a10397069a322581dd0f573,BLR,DEL,Bengaluru,Delhi,BLR-DEL,2026-05-23,2026-05-23T17:25:00,2026-05-23T20:25:00,17,20,Air India,AI 2820,Airbus A320neo,Economy,180,0,,9403,INR,1,Saturday,True,False,medium,,,,False,False
2026-05-22T11:09:38.682108+00:00,6a10397069a322581dd0f573,BLR,DEL,Bengaluru,Delhi,BLR-DEL,2026-05-23,2026-05-23T18:20:00,2026-05-23T21:10:00,18,21,Air India,AI 2802,Airbus A320neo,Economy,170,0,,9403,INR,1,Saturday,True,False,medium,,,,False,False
2026-05-22T11:09:38.682108+00:00,6a10397069a322581dd0f573,BLR,DEL,Bengaluru,Delhi,BLR-DEL,2026-05-23,2026-05-23T19:40:00,2026-05-23T22:40:00,19,22,Air India,AI 2665,Airbus A320neo,Economy,180,0,,9403,INR,1,Saturday,True,False,medium,,,,False,False
2026-05-22T11:09:38.682108+00:00,6a10397069a322581dd0f573,BLR,DEL,Bengaluru,Delhi,BLR-DEL,2026-05-23,2026-05-23T22:00:00,2026-05-24T00:55:00,22,0,Air India,AI 2814,Airbus A320neo,Economy,175,0,,9403,INR,1,Saturday,True,False,medium,,,,False,False
2026-05-22T11:09:38.682108+00:00,6a10397069a322581dd0f573,BLR,DEL,Bengaluru,Delhi,BLR-DEL,2026-05-23,2026-05-23T22:30:00,2026-05-24T01:25:00,22,1,Air India,AI 2488,Airbus A320neo,Economy,175,0,,9403,INR,1,Saturday,True,False,medium,,,,False,False
2026-05-22T11:09:38.682108+00:00,6a10397069a322581dd0f573,BLR,DEL,Bengaluru,Delhi,BLR-DEL,2026-05-23,2026-05-23T06:45:00,2026-05-23T09:50:00,6,9,IndiGo,6E 844,Airbus A321neo,Economy,185,0,,9499,INR,1,Saturday,True,False,medium,,,,False,False
2026-05-22T11:09:38.682108+00:00,6a10397069a322581dd0f573,BLR,DEL,Bengaluru,Delhi,BLR-DEL,2026-05-23,2026-05-23T16:00:00,2026-05-23T18:40:00,16,18,IndiGo,6E 860,Airbus A321neo,Economy,160,0,,9499,INR,1,Saturday,True,False,medium,,,,False,False
2026-05-22T11:09:38.682108+00:00,6a10397069a322581dd0f573,BLR,DEL,Bengaluru,Delhi,BLR-DEL,2026-05-23,2026-05-23T04:05:00,2026-05-23T07:00:00,4,7,Akasa Air,QP 1811,Boeing 737MAX 8 Passenger,Economy,175,0,,9691,INR,1,Saturday,True,False,medium,,,,False,False
2026-05-22T11:09:38.682108+00:00,6a10397069a322581dd0f573,BLR,DEL,Bengaluru,Delhi,BLR-DEL,2026-05-23,2026-05-23T17:35:00,2026-05-23T20:25:00,17,20,Air India Express,IX 1040,Boeing 737MAX 8 Passenger,Economy,170,0,,9695,INR,1,Saturday,True,False,medium,,,,False,False
2026-05-22T11:09:38.682108+00:00,6a10397069a322581dd0f573,BLR,DEL,Bengaluru,Delhi,BLR-DEL,2026-05-23,2026-05-23T05:30:00,2026-05-23T08:25:00,5,8,Air India,AI 2414,Airbus A320neo,Economy,175,0,,9707,INR,1,Saturday,True,False,medium,,,,False,False
2026-05-22T11:09:38.682108+00:00,6a10397069a322581dd0f573,BLR,DEL,Bengaluru,Delhi,BLR-DEL,2026-05-23,2026-05-23T06:00:00,2026-05-23T08:45:00,6,8,Air India,AI 2810,Airbus A320neo,Economy,165,0,,9707,INR,1,Saturday,True,False,medium,,,,False,False
2026-05-22T11:09:38.682108+00:00,6a10397069a322581dd0f573,BLR,DEL,Bengaluru,Delhi,BLR-DEL,2026-05-23,2026-05-23T20:00:00,2026-05-23T22:45:00,20,22,Air India,AI 2818,Airbus A320neo,Economy,165,0,,9707,INR,1,Saturday,True,False,medium,,,,False,False
2026-05-22T11:09:38.682108+00:00,6a10397069a322581dd0f573,BLR,DEL,Bengaluru,Delhi,BLR-DEL,2026-05-23,2026-05-23T03:00:00,2026-05-23T05:50:00,3,5,IndiGo,6E 804,Airbus A321neo,Economy,170,0,,10018,INR,1,Saturday,True,False,high,,,,False,False
2026-05-22T11:09:38.682108+00:00,6a10397069a322581dd0f573,BLR,DEL,Bengaluru,Delhi,BLR-DEL,2026-05-23,2026-05-23T05:05:00,2026-05-23T07:55:00,5,7,IndiGo,6E 836,Airbus A321neo,Economy,170,0,,10018,INR,1,Saturday,True,False,high,,,,False,False
2026-05-22T11:09:38.682108+00:00,6a10397069a322581dd0f573,BLR,DEL,Bengaluru,Delhi,BLR-DEL,2026-05-23,2026-05-23T13:10:00,2026-05-23T16:05:00,13,16,IndiGo,6E 869,Airbus A321neo,Economy,175,0,,10018,INR,1,Saturday,True,False,high,,,,False,False
2026-05-22T11:09:38.682108+00:00,6a10397069a322581dd0f573,BLR,DEL,Bengaluru,Delhi,BLR-DEL,2026-05-23,2026-05-23T14:15:00,2026-05-23T16:45:00,14,16,IndiGo,6E 840,Airbus A321neo,Economy,150,0,,10018,INR,1,Saturday,True,False,high,,,,False,False
2026-05-22T11:09:38.682108+00:00,6a10397069a322581dd0f573,BLR,DEL,Bengaluru,Delhi,BLR-DEL,2026-05-23,2026-05-23T06:40:00,2026-05-23T09:25:00,6,9,Air India Express,IX 2542,Airbus A320neo,Economy,165,0,,10541,INR,1,Saturday,True,False,high,,,,False,False
2026-05-22T11:09:38.682108+00:00,6a10397069a322581dd0f573,BLR,DEL,Bengaluru,Delhi,BLR-DEL,2026-05-23,2026-05-23T08:15:00,2026-05-23T11:05:00,8,11,IndiGo,6E 849,Airbus A321neo,Economy,170,0,,10571,INR,1,Saturday,True,False,high,,,,False,False
2026-05-22T11:09:38.682108+00:00,6a10397069a322581dd0f573,BLR,DEL,Bengaluru,Delhi,BLR-DEL,2026-05-23,2026-05-23T12:00:00,2026-05-23T14:50:00,12,14,IndiGo,6E 809,Airbus A321neo,Economy,170,0,,10571,INR,1,Saturday,True,False,high,,,,False,False
2026-05-22T11:09:38.682108+00:00,6a10397069a322581dd0f573,BLR,DEL,Bengaluru,Delhi,BLR-DEL,2026-05-23,2026-05-23T14:00:00,2026-05-23T16:45:00,14,16,Air India,AI 2486,Airbus A320neo,Economy,165,0,,10673,INR,1,Saturday,True,False,high,,,,False,False
2026-05-22T11:09:38.682108+00:00,6a10397069a322581dd0f573,BLR,DEL,Bengaluru,Delhi,BLR-DEL,2026-05-23,2026-05-23T07:00:00,2026-05-23T10:00:00,7,10,Air India,AI 2654,Airbus A320neo,Economy,180,0,,10810,INR,1,Saturday,True,False,high,,,,False,False
2026-05-22T11:09:38.682108+00:00,6a10397069a322581dd0f573,BLR,DEL,Bengaluru,Delhi,BLR-DEL,2026-05-23,2026-05-23T08:00:00,2026-05-23T10:55:00,8,10,Air India,AI 2808,Airbus A320neo,Economy,175,0,,11072,INR,1,Saturday,True,False,high,,,,False,False
2026-05-22T11:09:38.682108+00:00,6a10397069a322581dd0f573,BLR,DEL,Bengaluru,Delhi,BLR-DEL,2026-05-23,2026-05-23T09:30:00,2026-05-23T12:30:00,9,12,IndiGo,6E 830,Airbus A321neo,Economy,180,0,,11162,INR,1,Saturday,True,False,high,,,,False,False
2026-05-22T11:09:38.682108+00:00,6a10397069a322581dd0f573,BLR,DEL,Bengaluru,Delhi,BLR-DEL,2026-05-23,2026-05-23T10:45:00,2026-05-23T13:35:00,10,13,IndiGo,6E 175,Airbus A321neo,Economy,170,0,,11162,INR,1,Saturday,True,False,high,,,,False,False
2026-05-22T11:09:38.682108+00:00,6a10397069a322581dd0f573,BLR,DEL,Bengaluru,Delhi,BLR-DEL,2026-05-23,2026-05-23T11:00:00,2026-05-23T14:00:00,11,14,Air India,AI 2406,Airbus A320neo,Economy,180,0,,11246,INR,1,Saturday,True,False,high,,,,False,False
2026-05-22T11:09:38.682108+00:00,6a10397069a322581dd0f573,BLR,DEL,Bengaluru,Delhi,BLR-DEL,2026-05-23,2026-05-23T09:00:00,2026-05-23T12:00:00,9,12,Air India,AI 2868,Airbus A320neo,Economy,180,0,,11414,INR,1,Saturday,True,False,high,,,,False,False
2026-05-22T11:09:38.682108+00:00,6a10397069a322581dd0f573,BLR,DEL,Bengaluru,Delhi,BLR-DEL,2026-05-23,2026-05-23T13:05:00,2026-05-23T16:00:00,13,16,Akasa Air,QP 1821,Boeing 737MAX 8 Passenger,Economy,175,0,,11459,INR,1,Saturday,True,False,high,,,,False,False
2026-05-22T11:09:38.682108+00:00,6a10397069a322581dd0f573,BLR,DEL,Bengaluru,Delhi,BLR-DEL,2026-05-23,2026-05-23T05:00:00,2026-05-23T07:50:00,5,7,Akasa Air,QP 1359,Boeing 737MAX 8 Passenger,Economy,170,0,,11855,INR,1,Saturday,True,False,high,,,,False,False
2026-05-22T11:09:38.682108+00:00,6a10397069a322581dd0f573,BLR,DEL,Bengaluru,Delhi,BLR-DEL,2026-05-23,2026-05-23T05:50:00,2026-05-23T08:50:00,5,8,Akasa Air,QP 1823,Boeing 737MAX 8 Passenger,Economy,180,0,,11855,INR,1,Saturday,True,False,high,,,,False,False
2026-05-22T11:09:38.682108+00:00,6a10397069a322581dd0f573,BLR,DEL,Bengaluru,Delhi,BLR-DEL,2026-05-23,2026-05-23T00:15:00,2026-05-23T03:10:00,0,3,Air India,AI 2758,Airbus A320neo,Economy,175,0,,12437,INR,1,Saturday,True,False,high,,,,False,False
2026-05-22T11:09:40.967545+00:00,6a1039732088af5648cfb758,BOM,BLR,Mumbai,Bengaluru,BOM-BLR,2026-05-23,2026-05-23T22:10:00,2026-05-24T00:20:00,22,0,IndiGo,6E 5388,Airbus A321neo,Economy,130,0,,5716,INR,1,Saturday,True,False,medium,,,,False,True
2026-05-22T11:09:40.967545+00:00,6a1039732088af5648cfb758,BOM,BLR,Mumbai,Bengaluru,BOM-BLR,2026-05-23,2026-05-23T23:30:00,2026-05-24T01:35:00,23,1,Air India,AI 2857,Airbus A320neo,Economy,125,0,,6260,INR,1,Saturday,True,False,medium,,,,False,False
2026-05-22T11:09:40.967545+00:00,6a1039732088af5648cfb758,BOM,BLR,Mumbai,Bengaluru,BOM-BLR,2026-05-23,2026-05-23T18:45:00,2026-05-23T20:40:00,18,20,Akasa Air,QP 1133,Boeing 737MAX 8 Passenger,Economy,115,0,,6587,INR,1,Saturday,True,False,medium,,,,False,False
2026-05-22T11:09:40.967545+00:00,6a1039732088af5648cfb758,BOM,BLR,Mumbai,Bengaluru,BOM-BLR,2026-05-23,2026-05-23T19:50:00,2026-05-23T21:50:00,19,21,SpiceJet,SG 669,Boeing 737,Economy,120,0,,7042,INR,1,Saturday,True,False,medium,,,,False,False
2026-05-22T11:09:40.967545+00:00,6a1039732088af5648cfb758,BOM,BLR,Mumbai,Bengaluru,BOM-BLR,2026-05-23,2026-05-23T21:30:00,2026-05-23T23:25:00,21,23,IndiGo,6E 6188,Airbus A321neo,Economy,115,0,,6103,INR,1,Saturday,True,False,medium,,,,False,False
2026-05-22T11:09:40.967545+00:00,6a1039732088af5648cfb758,BOM,BLR,Mumbai,Bengaluru,BOM-BLR,2026-05-23,2026-05-23T20:05:00,2026-05-23T21:45:00,20,21,IndiGo,6E 5032,Airbus A321neo,Economy,100,0,,6519,INR,1,Saturday,True,False,medium,,,,False,False
2026-05-22T11:09:40.967545+00:00,6a1039732088af5648cfb758,BOM,BLR,Mumbai,Bengaluru,BOM-BLR,2026-05-23,2026-05-23T18:10:00,2026-05-23T20:05:00,18,20,Akasa Air,QP 1173,Boeing 737MAX 8 Passenger,Economy,115,0,,6587,INR,1,Saturday,True,False,medium,,,,False,False
2026-05-22T11:09:40.967545+00:00,6a1039732088af5648cfb758,BOM,BLR,Mumbai,Bengaluru,BOM-BLR,2026-05-23,2026-05-23T20:45:00,2026-05-23T22:45:00,20,22,Air India,AI 2401,Airbus A320neo,Economy,120,0,,6774,INR,1,Saturday,True,False,medium,,,,False,False
2026-05-22T11:09:40.967545+00:00,6a1039732088af5648cfb758,BOM,BLR,Mumbai,Bengaluru,BOM-BLR,2026-05-23,2026-05-23T21:45:00,2026-05-23T23:35:00,21,23,Akasa Air,QP 1518,Boeing 737MAX 8 Passenger,Economy,110,0,,6846,INR,1,Saturday,True,False,medium,,,,False,False
2026-05-22T11:09:40.967545+00:00,6a1039732088af5648cfb758,BOM,BLR,Mumbai,Bengaluru,BOM-BLR,2026-05-23,2026-05-23T20:35:00,2026-05-23T22:30:00,20,22,Akasa Air,QP 1516,Boeing 737MAX 8 Passenger,Economy,115,0,,7697,INR,1,Saturday,True,False,medium,,,,False,False
2026-05-22T11:09:40.967545+00:00,6a1039732088af5648cfb758,BOM,BLR,Mumbai,Bengaluru,BOM-BLR,2026-05-23,2026-05-23T17:00:00,2026-05-23T18:55:00,17,18,IndiGo,6E 5221,Airbus A321neo,Economy,115,0,,7981,INR,1,Saturday,True,False,medium,,,,False,False
2026-05-22T11:09:40.967545+00:00,6a1039732088af5648cfb758,BOM,BLR,Mumbai,Bengaluru,BOM-BLR,2026-05-23,2026-05-23T18:30:00,2026-05-23T20:25:00,18,20,IndiGo,6E 5047,Airbus A321neo,Economy,115,0,,7981,INR,1,Saturday,True,False,medium,,,,False,False
2026-05-22T11:09:40.967545+00:00,6a1039732088af5648cfb758,BOM,BLR,Mumbai,Bengaluru,BOM-BLR,2026-05-23,2026-05-23T17:30:00,2026-05-23T19:35:00,17,19,Air India,AI 2849,Airbus A320neo,Economy,125,0,,8470,INR,1,Saturday,True,False,medium,,,,False,False
2026-05-22T11:09:40.967545+00:00,6a1039732088af5648cfb758,BOM,BLR,Mumbai,Bengaluru,BOM-BLR,2026-05-23,2026-05-23T15:35:00,2026-05-23T17:25:00,15,17,IndiGo,6E 5071,Airbus A321neo,Economy,110,0,,8548,INR,1,Saturday,True,False,medium,,,,False,False
2026-05-22T11:09:40.967545+00:00,6a1039732088af5648cfb758,BOM,BLR,Mumbai,Bengaluru,BOM-BLR,2026-05-23,2026-05-23T22:30:00,2026-05-24T00:30:00,22,0,SpiceJet,SG 559,Boeing 737,Economy,120,0,,8637,INR,1,Saturday,True,False,medium,,,,False,False
2026-05-22T11:09:40.967545+00:00,6a1039732088af5648cfb758,BOM,BLR,Mumbai,Bengaluru,BOM-BLR,2026-05-23,2026-05-23T14:30:00,2026-05-23T16:25:00,14,16,IndiGo,6E 5382,Airbus A321neo,Economy,115,0,,9160,INR,1,Saturday,True,False,medium,,,,False,False
2026-05-22T11:09:40.967545+00:00,6a1039732088af5648cfb758,BOM,BLR,Mumbai,Bengaluru,BOM-BLR,2026-05-23,2026-05-23T19:45:00,2026-05-23T21:50:00,19,21,Air India,AI 2865,Airbus A320neo,Economy,125,0,,10701,INR,1,Saturday,True,False,high,,,,False,False
2026-05-22T11:09:40.967545+00:00,6a1039732088af5648cfb758,BOM,BLR,Mumbai,Bengaluru,BOM-BLR,2026-05-23,2026-05-23T01:55:00,2026-05-23T04:00:00,1,4,SpiceJet,SG 874,Boeing 737,Economy,125,0,,10791,INR,1,Saturday,True,False,high,,,,False,False
2026-05-22T11:09:40.967545+00:00,6a1039732088af5648cfb758,BOM,BLR,Mumbai,Bengaluru,BOM-BLR,2026-05-23,2026-05-23T08:05:00,2026-05-23T09:55:00,8,9,IndiGo,6E 5193,Airbus A321neo,Economy,110,0,,12135,INR,1,Saturday,True,False,high,,,,False,False
2026-05-22T11:09:40.967545+00:00,6a1039732088af5648cfb758,BOM,BLR,Mumbai,Bengaluru,BOM-BLR,2026-05-23,2026-05-23T12:30:00,2026-05-23T14:25:00,12,14,IndiGo,6E 5184,Airbus A321neo,Economy,115,0,,13033,INR,1,Saturday,True,False,high,,,,False,False
2026-05-22T11:09:40.967545+00:00,6a1039732088af5648cfb758,BOM,BLR,Mumbai,Bengaluru,BOM-BLR,2026-05-23,2026-05-23T18:30:00,2026-05-23T20:35:00,18,20,Air India,AI 2641,Airbus A320neo,Economy,125,0,,13053,INR,1,Saturday,True,False,high,,,,False,False
2026-05-22T11:09:40.967545+00:00,6a1039732088af5648cfb758,BOM,BLR,Mumbai,Bengaluru,BOM-BLR,2026-05-23,2026-05-23T09:50:00,2026-05-23T11:55:00,9,11,IndiGo,6E 5092,Airbus A321neo,Economy,125,0,,14002,INR,1,Saturday,True,False,high,,,,False,False
2026-05-22T11:09:40.967545+00:00,6a1039732088af5648cfb758,BOM,BLR,Mumbai,Bengaluru,BOM-BLR,2026-05-23,2026-05-23T11:00:00,2026-05-23T12:55:00,11,12,IndiGo,6E 5217,Airbus A321neo,Economy,115,0,,14002,INR,1,Saturday,True,False,high,,,,False,False
2026-05-22T11:09:40.967545+00:00,6a1039732088af5648cfb758,BOM,BLR,Mumbai,Bengaluru,BOM-BLR,2026-05-23,2026-05-23T02:05:00,2026-05-23T04:10:00,2,4,Air India,AI 2812,Airbus A320neo,Economy,125,0,,16944,INR,1,Saturday,True,False,high,,,,False,False
2026-05-22T11:09:40.967545+00:00,6a1039732088af5648cfb758,BOM,BLR,Mumbai,Bengaluru,BOM-BLR,2026-05-23,2026-05-23T06:35:00,2026-05-23T08:35:00,6,8,Air India,AI 2603,Airbus A320neo,Economy,120,0,,16944,INR,1,Saturday,True,False,high,,,,False,False
2026-05-22T11:09:40.967545+00:00,6a1039732088af5648cfb758,BOM,BLR,Mumbai,Bengaluru,BOM-BLR,2026-05-23,2026-05-23T07:55:00,2026-05-23T10:05:00,7,10,Air India,AI 2851,Airbus A320neo,Economy,130,0,,16944,INR,1,Saturday,True,False,high,,,,False,False
2026-05-22T11:09:40.967545+00:00,6a1039732088af5648cfb758,BOM,BLR,Mumbai,Bengaluru,BOM-BLR,2026-05-23,2026-05-23T15:25:00,2026-05-23T17:35:00,15,17,Air India,AI 2853,Airbus A320neo,Economy,130,0,,16944,INR,1,Saturday,True,False,high,,,,False,False
2026-05-22T11:09:40.967545+00:00,6a1039732088af5648cfb758,BOM,BLR,Mumbai,Bengaluru,BOM-BLR,2026-05-23,2026-05-23T10:00:00,2026-05-23T12:05:00,10,12,Air India,AI 2863,Airbus A320neo,Economy,125,0,,19348,INR,1,Saturday,True,False,high,,,,False,False
2026-05-22T11:09:40.967545+00:00,6a1039732088af5648cfb758,BOM,BLR,Mumbai,Bengaluru,BOM-BLR,2026-05-23,2026-05-23T12:00:00,2026-05-23T14:05:00,12,14,Air India,AI 2632,Airbus A320neo,Premium Economy,125,0,,26598,INR,1,Saturday,True,False,high,,,,False,False
2026-05-22T11:09:43.463102+00:00,6a10397523df78bcc31707ff,PNQ,BLR,Pune,Bengaluru,PNQ-BLR,2026-05-23,2026-05-23T23:50:00,2026-05-24T01:30:00,23,1,IndiGo,6E 6055,Airbus A321neo,Economy,100,0,,5160,INR,1,Saturday,True,False,medium,,,,False,True
2026-05-22T11:09:43.463102+00:00,6a10397523df78bcc31707ff,PNQ,BLR,Pune,Bengaluru,PNQ-BLR,2026-05-23,2026-05-23T18:55:00,2026-05-23T20:40:00,18,20,Air India Express,IX 2874,Boeing 737MAX 8 Passenger,Economy,105,0,,5552,INR,1,Saturday,True,False,medium,,,,False,False
2026-05-22T11:09:43.463102+00:00,6a10397523df78bcc31707ff,PNQ,BLR,Pune,Bengaluru,PNQ-BLR,2026-05-23,2026-05-23T22:10:00,2026-05-23T23:55:00,22,23,Akasa Air,QP 1318,Boeing 737MAX 8 Passenger,Economy,105,0,,6660,INR,1,Saturday,True,False,medium,,,,False,False
2026-05-22T11:09:43.463102+00:00,6a10397523df78bcc31707ff,PNQ,BLR,Pune,Bengaluru,PNQ-BLR,2026-05-23,2026-05-23T20:55:00,2026-05-23T22:35:00,20,22,IndiGo,6E 107,Airbus A321neo,Economy,100,0,,6515,INR,1,Saturday,True,False,medium,,,,False,False
2026-05-22T11:09:43.463102+00:00,6a10397523df78bcc31707ff,PNQ,BLR,Pune,Bengaluru,PNQ-BLR,2026-05-23,2026-05-23T01:15:00,2026-05-23T02:55:00,1,2,IndiGo,6E 361,Airbus A321neo,Economy,100,0,,7062,INR,1,Saturday,True,False,medium,,,,False,False
2026-05-22T11:09:43.463102+00:00,6a10397523df78bcc31707ff,PNQ,BLR,Pune,Bengaluru,PNQ-BLR,2026-05-23,2026-05-23T03:15:00,2026-05-23T04:55:00,3,4,IndiGo,6E 6564,Airbus A321neo,Economy,100,0,,7062,INR,1,Saturday,True,False,medium,,,,False,False
2026-05-22T11:09:43.463102+00:00,6a10397523df78bcc31707ff,PNQ,BLR,Pune,Bengaluru,PNQ-BLR,2026-05-23,2026-05-23T04:50:00,2026-05-23T06:35:00,4,6,IndiGo,6E 6877,Airbus A321neo,Economy,105,0,,7062,INR,1,Saturday,True,False,medium,,,,False,False
2026-05-22T11:09:43.463102+00:00,6a10397523df78bcc31707ff,PNQ,BLR,Pune,Bengaluru,PNQ-BLR,2026-05-23,2026-05-23T16:55:00,2026-05-23T18:35:00,16,18,IndiGo,6E 137,Airbus A320neo,Economy,100,0,,7062,INR,1,Saturday,True,False,medium,,,,False,False
2026-05-22T11:09:43.463102+00:00,6a10397523df78bcc31707ff,PNQ,BLR,Pune,Bengaluru,PNQ-BLR,2026-05-23,2026-05-23T06:40:00,2026-05-23T08:30:00,6,8,IndiGo,6E 391,Airbus A321neo,Economy,110,0,,7664,INR,1,Saturday,True,False,medium,,,,False,False
2026-05-22T11:09:43.463102+00:00,6a10397523df78bcc31707ff,PNQ,BLR,Pune,Bengaluru,PNQ-BLR,2026-05-23,2026-05-23T17:35:00,2026-05-23T19:15:00,17,19,Akasa Air,QP 1316,Boeing 737MAX 8 Passenger,Economy,100,0,,7951,INR,1,Saturday,True,False,medium,,,,False,False
2026-05-22T11:09:43.463102+00:00,6a10397523df78bcc31707ff,PNQ,BLR,Pune,Bengaluru,PNQ-BLR,2026-05-23,2026-05-23T10:55:00,2026-05-23T12:30:00,10,12,IndiGo,6E 133,Airbus A320neo,Economy,95,0,,8325,INR,1,Saturday,True,False,medium,,,,False,False
2026-05-22T11:09:43.463102+00:00,6a10397523df78bcc31707ff,PNQ,BLR,Pune,Bengaluru,PNQ-BLR,2026-05-23,2026-05-23T07:25:00,2026-05-23T09:05:00,7,9,Akasa Air,QP 1312,Boeing 737MAX 8 Passenger,Economy,100,0,,9202,INR,1,Saturday,True,False,medium,,,,False,False
2026-05-22T11:09:43.463102+00:00,6a10397523df78bcc31707ff,PNQ,BLR,Pune,Bengaluru,PNQ-BLR,2026-05-23,2026-05-23T00:05:00,2026-05-23T01:40:00,0,1,Air India Express,IX 2681,Boeing 737MAX 8 Passenger,Economy,95,0,,18933,INR,1,Saturday,True,False,high,,,,False,False
2026-05-22T11:09:43.463102+00:00,6a10397523df78bcc31707ff,PNQ,BLR,Pune,Bengaluru,PNQ-BLR,2026-05-23,2026-05-23T21:10:00,2026-05-23T22:55:00,21,22,Air India Express,IX 2839,Boeing 737MAX 8 Passenger,Economy,105,0,,18933,INR,1,Saturday,True,False,high,,,,False,False
2026-05-22T11:09:45.973073+00:00,6a1039786f1e406f0991aced,HYD,DEL,Hyderabad,Delhi,HYD-DEL,2026-05-23,2026-05-23T13:00:00,2026-05-23T15:25:00,13,15,IndiGo,6E 6031,Airbus A321neo,Economy,145,0,,11379,INR,1,Saturday,True,False,high,,,,False,True
2026-05-22T11:09:45.973073+00:00,6a1039786f1e406f0991aced,HYD,DEL,Hyderabad,Delhi,HYD-DEL,2026-05-23,2026-05-23T23:50:00,2026-05-24T02:20:00,23,2,IndiGo,6E 6025,Airbus A321neo,Economy,150,0,,11379,INR,1,Saturday,True,False,high,,,,False,True
2026-05-22T11:09:45.973073+00:00,6a1039786f1e406f0991aced,HYD,DEL,Hyderabad,Delhi,HYD-DEL,2026-05-23,2026-05-23T22:30:00,2026-05-24T01:00:00,22,1,Air India,AI 1880,Airbus A320neo,Economy,150,0,,11702,INR,1,Saturday,True,False,high,,,,False,False
2026-05-22T11:09:45.973073+00:00,6a1039786f1e406f0991aced,HYD,DEL,Hyderabad,Delhi,HYD-DEL,2026-05-23,2026-05-23T23:30:00,2026-05-24T02:00:00,23,2,Air India,AI 2776,Airbus A320neo,Economy,150,0,,11702,INR,1,Saturday,True,False,high,,,,False,False
2026-05-22T11:09:45.973073+00:00,6a1039786f1e406f0991aced,HYD,DEL,Hyderabad,Delhi,HYD-DEL,2026-05-23,2026-05-23T17:30:00,2026-05-23T20:00:00,17,20,Akasa Air,QP 1407,Boeing 737MAX 8 Passenger,Economy,150,0,,12478,INR,1,Saturday,True,False,high,,,,False,False
2026-05-22T11:09:45.973073+00:00,6a1039786f1e406f0991aced,HYD,DEL,Hyderabad,Delhi,HYD-DEL,2026-05-23,2026-05-23T14:40:00,2026-05-23T16:55:00,14,16,IndiGo,6E 711,Airbus A321neo,Economy,135,0,,12429,INR,1,Saturday,True,False,high,,,,False,False
2026-05-22T11:09:45.973073+00:00,6a1039786f1e406f0991aced,HYD,DEL,Hyderabad,Delhi,HYD-DEL,2026-05-23,2026-05-23T21:00:00,2026-05-23T23:25:00,21,23,IndiGo,6E 890,Airbus A321neo,Economy,145,0,,12429,INR,1,Saturday,True,False,high,,,,False,False
2026-05-22T11:09:45.973073+00:00,6a1039786f1e406f0991aced,HYD,DEL,Hyderabad,Delhi,HYD-DEL,2026-05-23,2026-05-23T18:25:00,2026-05-23T21:00:00,18,21,Air India,AI 2880,Airbus A320neo,Economy,155,0,,13298,INR,1,Saturday,True,False,high,,,,False,False
2026-05-22T11:09:45.973073+00:00,6a1039786f1e406f0991aced,HYD,DEL,Hyderabad,Delhi,HYD-DEL,2026-05-23,2026-05-23T20:00:00,2026-05-23T22:25:00,20,22,Air India,AI 2520,Airbus A320neo,Economy,145,0,,13298,INR,1,Saturday,True,False,high,,,,False,False
2026-05-22T11:09:45.973073+00:00,6a1039786f1e406f0991aced,HYD,DEL,Hyderabad,Delhi,HYD-DEL,2026-05-23,2026-05-23T21:30:00,2026-05-23T23:55:00,21,23,Air India,AI 2870,Airbus A320neo,Economy,145,0,,13298,INR,1,Saturday,True,False,high,,,,False,False
2026-05-22T11:09:45.973073+00:00,6a1039786f1e406f0991aced,HYD,DEL,Hyderabad,Delhi,HYD-DEL,2026-05-23,2026-05-23T05:20:00,2026-05-23T07:45:00,5,7,IndiGo,6E 709,Airbus A321neo,Economy,145,0,,13496,INR,1,Saturday,True,False,high,,,,False,False
2026-05-22T11:09:45.973073+00:00,6a1039786f1e406f0991aced,HYD,DEL,Hyderabad,Delhi,HYD-DEL,2026-05-23,2026-05-23T06:25:00,2026-05-23T08:45:00,6,8,IndiGo,6E 707,Airbus A321neo,Economy,140,0,,13496,INR,1,Saturday,True,False,high,,,,False,False
2026-05-22T11:09:45.973073+00:00,6a1039786f1e406f0991aced,HYD,DEL,Hyderabad,Delhi,HYD-DEL,2026-05-23,2026-05-23T11:35:00,2026-05-23T13:55:00,11,13,IndiGo,6E 6202,Airbus A321neo,Economy,140,0,,13496,INR,1,Saturday,True,False,high,,,,False,False
2026-05-22T11:09:45.973073+00:00,6a1039786f1e406f0991aced,HYD,DEL,Hyderabad,Delhi,HYD-DEL,2026-05-23,2026-05-23T16:25:00,2026-05-23T18:55:00,16,18,IndiGo,6E 6372,Airbus A321neo,Economy,150,0,,13496,INR,1,Saturday,True,False,high,,,,False,False
2026-05-22T11:09:45.973073+00:00,6a1039786f1e406f0991aced,HYD,DEL,Hyderabad,Delhi,HYD-DEL,2026-05-23,2026-05-23T17:45:00,2026-05-23T20:10:00,17,20,IndiGo,6E 710,Airbus A321neo,Economy,145,0,,13496,INR,1,Saturday,True,False,high,,,,False,False
2026-05-22T11:09:45.973073+00:00,6a1039786f1e406f0991aced,HYD,DEL,Hyderabad,Delhi,HYD-DEL,2026-05-23,2026-05-23T05:30:00,2026-05-23T07:55:00,5,7,Air India,AI 1806,Airbus A320neo,Economy,145,0,,13639,INR,1,Saturday,True,False,high,,,,False,False
2026-05-22T11:09:45.973073+00:00,6a1039786f1e406f0991aced,HYD,DEL,Hyderabad,Delhi,HYD-DEL,2026-05-23,2026-05-23T06:00:00,2026-05-23T08:15:00,6,8,Akasa Air,QP 1405,Boeing 737MAX 8 Passenger,Economy,135,0,,13878,INR,1,Saturday,True,False,high,,,,False,False
2026-05-22T11:09:45.973073+00:00,6a1039786f1e406f0991aced,HYD,DEL,Hyderabad,Delhi,HYD-DEL,2026-05-23,2026-05-23T02:15:00,2026-05-23T04:40:00,2,4,IndiGo,6E 706,Airbus A321neo,Economy,145,0,,15002,INR,1,Saturday,True,False,high,,,,False,False
2026-05-22T11:09:45.973073+00:00,6a1039786f1e406f0991aced,HYD,DEL,Hyderabad,Delhi,HYD-DEL,2026-05-23,2026-05-23T10:00:00,2026-05-23T12:40:00,10,12,IndiGo,6E 6281,Airbus A321neo,Economy,160,0,,15002,INR,1,Saturday,True,False,high,,,,False,False
2026-05-22T11:09:45.973073+00:00,6a1039786f1e406f0991aced,HYD,DEL,Hyderabad,Delhi,HYD-DEL,2026-05-23,2026-05-23T19:10:00,2026-05-23T21:40:00,19,21,IndiGo,6E 6043,Airbus A321neo,Economy,150,0,,15002,INR,1,Saturday,True,False,high,,,,False,False
2026-05-22T11:09:45.973073+00:00,6a1039786f1e406f0991aced,HYD,DEL,Hyderabad,Delhi,HYD-DEL,2026-05-23,2026-05-23T07:30:00,2026-05-23T10:00:00,7,10,Air India,AI 2860,Airbus A320neo,Economy,150,0,,15703,INR,1,Saturday,True,False,high,,,,False,False
2026-05-22T11:09:45.973073+00:00,6a1039786f1e406f0991aced,HYD,DEL,Hyderabad,Delhi,HYD-DEL,2026-05-23,2026-05-23T08:35:00,2026-05-23T10:55:00,8,10,Air India,AI 2466,Airbus A320neo,Economy,140,0,,15703,INR,1,Saturday,True,False,high,,,,False,False
2026-05-22T11:09:45.973073+00:00,6a1039786f1e406f0991aced,HYD,DEL,Hyderabad,Delhi,HYD-DEL,2026-05-23,2026-05-23T09:40:00,2026-05-23T12:10:00,9,12,Air India,AI 1866,Airbus A320neo,Economy,150,0,,15703,INR,1,Saturday,True,False,high,,,,False,False
2026-05-22T11:09:45.973073+00:00,6a1039786f1e406f0991aced,HYD,DEL,Hyderabad,Delhi,HYD-DEL,2026-05-23,2026-05-23T10:35:00,2026-05-23T13:05:00,10,13,Air India,AI 2543,Airbus A320neo,Economy,150,0,,15703,INR,1,Saturday,True,False,high,,,,False,False
2026-05-22T11:09:45.973073+00:00,6a1039786f1e406f0991aced,HYD,DEL,Hyderabad,Delhi,HYD-DEL,2026-05-23,2026-05-23T12:45:00,2026-05-23T15:15:00,12,15,Air India,AI 2559,Airbus A320neo,Economy,150,0,,15703,INR,1,Saturday,True,False,high,,,,False,False
2026-05-22T11:09:45.973073+00:00,6a1039786f1e406f0991aced,HYD,DEL,Hyderabad,Delhi,HYD-DEL,2026-05-23,2026-05-23T15:25:00,2026-05-23T18:00:00,15,18,Air India,AI 2541,Airbus A320neo,Economy,155,0,,15703,INR,1,Saturday,True,False,high,,,,False,False
2026-05-22T11:09:45.973073+00:00,6a1039786f1e406f0991aced,HYD,DEL,Hyderabad,Delhi,HYD-DEL,2026-05-23,2026-05-23T17:30:00,2026-05-23T20:10:00,17,20,Air India,AI 2890,Airbus A320neo,Economy,160,0,,15703,INR,1,Saturday,True,False,high,,,,False,False
2026-05-22T11:09:48.413302+00:00,6a10397add2e16028670e82d,MAA,BLR,Chennai,Bengaluru,MAA-BLR,2026-05-23,2026-05-23T10:45:00,2026-05-23T11:55:00,10,11,Air India Express,IX 2971,Boeing 737MAX 8 Passenger,Economy,70,0,,4138,INR,1,Saturday,True,False,low,,,,False,True
2026-05-22T11:09:48.413302+00:00,6a10397add2e16028670e82d,MAA,BLR,Chennai,Bengaluru,MAA-BLR,2026-05-23,2026-05-23T07:05:00,2026-05-23T08:05:00,7,8,IndiGo,6E 6081,Airbus A320neo,Economy,60,0,,4145,INR,1,Saturday,True,False,low,,,,False,False
2026-05-22T11:09:48.413302+00:00,6a10397add2e16028670e82d,MAA,BLR,Chennai,Bengaluru,MAA-BLR,2026-05-23,2026-05-23T08:55:00,2026-05-23T10:05:00,8,10,IndiGo,6E 6815,Airbus A321neo,Economy,70,0,,4145,INR,1,Saturday,True,False,low,,,,False,False
2026-05-22T11:09:48.413302+00:00,6a10397add2e16028670e82d,MAA,BLR,Chennai,Bengaluru,MAA-BLR,2026-05-23,2026-05-23T05:50:00,2026-05-23T07:10:00,5,7,Air India Express,IX 2975,Boeing 737MAX 8 Passenger,Economy,80,0,,4138,INR,1,Saturday,True,False,low,,,,False,True
2026-05-22T11:09:48.413302+00:00,6a10397add2e16028670e82d,MAA,BLR,Chennai,Bengaluru,MAA-BLR,2026-05-23,2026-05-23T07:25:00,2026-05-23T08:35:00,7,8,Air India Express,IX 2786,Boeing 737MAX 8 Passenger,Economy,70,0,,4138,INR,1,Saturday,True,False,low,,,,False,True
2026-05-22T11:09:48.413302+00:00,6a10397add2e16028670e82d,MAA,BLR,Chennai,Bengaluru,MAA-BLR,2026-05-23,2026-05-23T08:55:00,2026-05-23T10:05:00,8,10,Air India Express,IX 1487,Airbus A320neo,Economy,70,0,,4138,INR,1,Saturday,True,False,low,,,,False,True
2026-05-22T11:09:48.413302+00:00,6a10397add2e16028670e82d,MAA,BLR,Chennai,Bengaluru,MAA-BLR,2026-05-23,2026-05-23T15:40:00,2026-05-23T16:45:00,15,16,Air India Express,IX 2507,Boeing 737,Economy,65,0,,4138,INR,1,Saturday,True,False,low,,,,False,True
2026-05-22T11:09:48.413302+00:00,6a10397add2e16028670e82d,MAA,BLR,Chennai,Bengaluru,MAA-BLR,2026-05-23,2026-05-23T21:25:00,2026-05-23T22:35:00,21,22,Air India Express,IX 2662,Airbus A320neo,Economy,70,0,,4138,INR,1,Saturday,True,False,low,,,,False,True
2026-05-22T11:09:48.413302+00:00,6a10397add2e16028670e82d,MAA,BLR,Chennai,Bengaluru,MAA-BLR,2026-05-23,2026-05-23T16:15:00,2026-05-23T17:20:00,16,17,IndiGo,6E 847,Airbus A321neo,Economy,65,0,,4145,INR,1,Saturday,True,False,low,,,,False,False
2026-05-22T11:09:48.413302+00:00,6a10397add2e16028670e82d,MAA,BLR,Chennai,Bengaluru,MAA-BLR,2026-05-23,2026-05-23T17:40:00,2026-05-23T18:45:00,17,18,IndiGo,6E 365,Airbus A320neo,Economy,65,0,,4145,INR,1,Saturday,True,False,low,,,,False,False
2026-05-22T11:09:48.413302+00:00,6a10397add2e16028670e82d,MAA,BLR,Chennai,Bengaluru,MAA-BLR,2026-05-23,2026-05-23T19:05:00,2026-05-23T20:10:00,19,20,IndiGo,6E 189,Airbus A320neo,Economy,65,0,,4145,INR,1,Saturday,True,False,low,,,,False,False
2026-05-22T11:09:48.413302+00:00,6a10397add2e16028670e82d,MAA,BLR,Chennai,Bengaluru,MAA-BLR,2026-05-23,2026-05-23T22:00:00,2026-05-23T23:00:00,22,23,IndiGo,6E 796,Airbus A321neo,Economy,60,0,,4451,INR,1,Saturday,True,False,low,,,,False,False
2026-05-22T11:09:48.413302+00:00,6a10397add2e16028670e82d,MAA,BLR,Chennai,Bengaluru,MAA-BLR,2026-05-23,2026-05-23T10:55:00,2026-05-23T12:00:00,10,12,IndiGo,6E 6892,Airbus A320neo,Economy,65,0,,4786,INR,1,Saturday,True,False,low,,,,False,False
2026-05-22T11:09:48.413302+00:00,6a10397add2e16028670e82d,MAA,BLR,Chennai,Bengaluru,MAA-BLR,2026-05-23,2026-05-23T14:35:00,2026-05-23T15:40:00,14,15,IndiGo,6E 6209,Airbus A321neo,Economy,65,0,,5556,INR,1,Saturday,True,False,medium,,,,False,False
2026-05-22T11:09:48.413302+00:00,6a10397add2e16028670e82d,MAA,BLR,Chennai,Bengaluru,MAA-BLR,2026-05-23,2026-05-23T21:15:00,2026-05-24T20:20:00,21,20,SriLankan,UL 124 + UL 171,Airbus A320,Economy,1385,1,CMB,43915,INR,1,Saturday,True,False,high,,,,False,False
2026-05-22T11:09:48.413302+00:00,6a10397add2e16028670e82d,MAA,BLR,Chennai,Bengaluru,MAA-BLR,2026-05-23,2026-05-23T07:00:00,2026-05-23T12:05:00,7,12,Air India,AI 2779 + AI 2863,Airbus A320neo,Economy,305,1,BOM,,INR,1,Saturday,True,False,,,,,False,False
2026-05-22T11:09:51.264616+00:00,6a10397df0114aa953e3fdfb,CCU,DEL,Kolkata,Delhi,CCU-DEL,2026-05-23,2026-05-23T07:10:00,2026-05-23T12:00:00,7,12,IndiGo,6E 6139 + 6E 2111,Airbus A320neo + Airbus A321neo,Economy,290,1,LKO,10716,INR,1,Saturday,True,False,high,,,,False,False
2026-05-22T11:09:51.264616+00:00,6a10397df0114aa953e3fdfb,CCU,DEL,Kolkata,Delhi,CCU-DEL,2026-05-23,2026-05-23T21:00:00,2026-05-23T23:25:00,21,23,IndiGo,6E 917,Airbus A321neo,Economy,145,0,,10810,INR,1,Saturday,True,False,high,,,,False,False
2026-05-22T11:09:51.264616+00:00,6a10397df0114aa953e3fdfb,CCU,DEL,Kolkata,Delhi,CCU-DEL,2026-05-23,2026-05-23T17:55:00,2026-05-23T20:10:00,17,20,SpiceJet,SG 193,Boeing 737,Economy,135,0,,12165,INR,1,Saturday,True,False,high,,,,False,False
2026-05-22T11:09:51.264616+00:00,6a10397df0114aa953e3fdfb,CCU,DEL,Kolkata,Delhi,CCU-DEL,2026-05-23,2026-05-23T07:00:00,2026-05-23T09:35:00,7,9,Air India,AI 2720,Airbus A320neo,Economy,155,0,,13138,INR,1,Saturday,True,False,high,,,,False,False
2026-05-22T11:09:51.264616+00:00,6a10397df0114aa953e3fdfb,CCU,DEL,Kolkata,Delhi,CCU-DEL,2026-05-23,2026-05-23T18:00:00,2026-05-24T00:35:00,18,0,IndiGo,6E 856 + 6E 6480,Airbus A320neo + Airbus A321neo,Economy,395,1,LKO,9771,INR,1,Saturday,True,False,medium,,,,False,True
2026-05-22T11:09:51.264616+00:00,6a10397df0114aa953e3fdfb,CCU,DEL,Kolkata,Delhi,CCU-DEL,2026-05-23,2026-05-23T07:10:00,2026-05-23T13:45:00,7,13,IndiGo,6E 822 + 6E 2321,Airbus A321neo,Economy,395,1,VNS,10002,INR,1,Saturday,True,False,high,,,,False,False
2026-05-22T11:09:51.264616+00:00,6a10397df0114aa953e3fdfb,CCU,DEL,Kolkata,Delhi,CCU-DEL,2026-05-23,2026-05-23T22:30:00,2026-05-24T00:55:00,22,0,IndiGo,6E 5190,Airbus A321neo,Economy,145,0,,11650,INR,1,Saturday,True,False,high,,,,False,False
2026-05-22T11:09:51.264616+00:00,6a10397df0114aa953e3fdfb,CCU,DEL,Kolkata,Delhi,CCU-DEL,2026-05-23,2026-05-23T03:00:00,2026-05-23T05:25:00,3,5,IndiGo,6E 246,Airbus A321neo,Economy,145,0,,13115,INR,1,Saturday,True,False,high,,,,False,False
2026-05-22T11:09:51.264616+00:00,6a10397df0114aa953e3fdfb,CCU,DEL,Kolkata,Delhi,CCU-DEL,2026-05-23,2026-05-23T08:25:00,2026-05-23T10:50:00,8,10,IndiGo,6E 896,Airbus A321neo,Economy,145,0,,13115,INR,1,Saturday,True,False,high,,,,False,False
2026-05-22T11:09:51.264616+00:00,6a10397df0114aa953e3fdfb,CCU,DEL,Kolkata,Delhi,CCU-DEL,2026-05-23,2026-05-23T19:15:00,2026-05-23T21:40:00,19,21,IndiGo,6E 493,Airbus A321neo,Economy,145,0,,13115,INR,1,Saturday,True,False,high,,,,False,False
2026-05-22T11:09:51.264616+00:00,6a10397df0114aa953e3fdfb,CCU,DEL,Kolkata,Delhi,CCU-DEL,2026-05-23,2026-05-23T22:00:00,2026-05-24T00:35:00,22,0,Air India,AI 2710,Airbus A320neo,Economy,155,0,,13138,INR,1,Saturday,True,False,high,,,,False,False
2026-05-22T11:09:51.264616+00:00,6a10397df0114aa953e3fdfb,CCU,DEL,Kolkata,Delhi,CCU-DEL,2026-05-23,2026-05-23T19:15:00,2026-05-23T21:40:00,19,21,Air India,AI 1863,Airbus A320neo,Economy,145,0,,13369,INR,1,Saturday,True,False,high,,,,False,False
2026-05-22T11:09:51.264616+00:00,6a10397df0114aa953e3fdfb,CCU,DEL,Kolkata,Delhi,CCU-DEL,2026-05-23,2026-05-23T21:00:00,2026-05-23T23:35:00,21,23,Air India,AI 2708,Airbus A320neo,Economy,155,0,,13369,INR,1,Saturday,True,False,high,,,,False,False
2026-05-22T11:09:51.264616+00:00,6a10397df0114aa953e3fdfb,CCU,DEL,Kolkata,Delhi,CCU-DEL,2026-05-23,2026-05-23T10:15:00,2026-05-23T12:50:00,10,12,IndiGo,6E 899,Airbus A321neo,Economy,155,0,,13516,INR,1,Saturday,True,False,high,,,,False,False
2026-05-22T11:09:51.264616+00:00,6a10397df0114aa953e3fdfb,CCU,DEL,Kolkata,Delhi,CCU-DEL,2026-05-23,2026-05-23T16:10:00,2026-05-23T18:35:00,16,18,IndiGo,6E 6516,Airbus A321neo,Economy,145,0,,13516,INR,1,Saturday,True,False,high,,,,False,False
2026-05-22T11:09:51.264616+00:00,6a10397df0114aa953e3fdfb,CCU,DEL,Kolkata,Delhi,CCU-DEL,2026-05-23,2026-05-23T14:00:00,2026-05-23T16:25:00,14,16,IndiGo,6E 2275,Airbus A321neo,Economy,145,0,,13645,INR,1,Saturday,True,False,high,,,,False,False
2026-05-22T11:09:51.264616+00:00,6a10397df0114aa953e3fdfb,CCU,DEL,Kolkata,Delhi,CCU-DEL,2026-05-23,2026-05-23T17:30:00,2026-05-23T20:00:00,17,20,IndiGo,6E 6183,Airbus A321neo,Economy,150,0,,14671,INR,1,Saturday,True,False,high,,,,False,False
2026-05-22T11:09:51.264616+00:00,6a10397df0114aa953e3fdfb,CCU,DEL,Kolkata,Delhi,CCU-DEL,2026-05-23,2026-05-23T07:00:00,2026-05-23T09:30:00,7,9,IndiGo,6E 891,Airbus A321neo,Economy,150,0,,14800,INR,1,Saturday,True,False,high,,,,False,False
2026-05-22T11:09:51.264616+00:00,6a10397df0114aa953e3fdfb,CCU,DEL,Kolkata,Delhi,CCU-DEL,2026-05-23,2026-05-23T12:00:00,2026-05-23T14:25:00,12,14,IndiGo,6E 6358,Airbus A321neo,Economy,145,0,,14800,INR,1,Saturday,True,False,high,,,,False,False
2026-05-22T11:09:51.264616+00:00,6a10397df0114aa953e3fdfb,CCU,DEL,Kolkata,Delhi,CCU-DEL,2026-05-23,2026-05-23T14:40:00,2026-05-23T16:45:00,14,16,IndiGo,6E 2285,Airbus A321neo,Economy,125,0,,14800,INR,1,Saturday,True,False,high,,,,False,False
2026-05-22T11:09:51.264616+00:00,6a10397df0114aa953e3fdfb,CCU,DEL,Kolkata,Delhi,CCU-DEL,2026-05-23,2026-05-23T19:55:00,2026-05-23T22:25:00,19,22,Akasa Air,QP 1804,Boeing 737MAX 8 Passenger,Economy,150,0,,15128,INR,1,Saturday,True,False,high,,,,False,False
2026-05-22T11:09:51.264616+00:00,6a10397df0114aa953e3fdfb,CCU,DEL,Kolkata,Delhi,CCU-DEL,2026-05-23,2026-05-23T08:30:00,2026-05-23T11:10:00,8,11,Air India,AI 2778,Airbus A320neo,Economy,160,0,,15143,INR,1,Saturday,True,False,high,,,,False,False
2026-05-22T11:09:51.264616+00:00,6a10397df0114aa953e3fdfb,CCU,DEL,Kolkata,Delhi,CCU-DEL,2026-05-23,2026-05-23T10:30:00,2026-05-23T13:05:00,10,13,Air India,AI 2704,Airbus A320neo,Economy,155,0,,15143,INR,1,Saturday,True,False,high,,,,False,False
2026-05-22T11:09:51.264616+00:00,6a10397df0114aa953e3fdfb,CCU,DEL,Kolkata,Delhi,CCU-DEL,2026-05-23,2026-05-23T16:10:00,2026-05-23T18:40:00,16,18,Air India,AI 2768,Airbus A320neo,Economy,150,0,,15143,INR,1,Saturday,True,False,high,,,,False,False
2026-05-22T11:09:51.264616+00:00,6a10397df0114aa953e3fdfb,CCU,DEL,Kolkata,Delhi,CCU-DEL,2026-05-23,2026-05-23T22:50:00,2026-05-24T01:10:00,22,1,SpiceJet,SG 906,Boeing 737,Economy,140,0,,15439,INR,1,Saturday,True,False,high,,,,False,False
2026-05-22T11:09:51.264616+00:00,6a10397df0114aa953e3fdfb,CCU,DEL,Kolkata,Delhi,CCU-DEL,2026-05-23,2026-05-23T08:55:00,2026-05-23T11:25:00,8,11,Akasa Air,QP 1802,Boeing 737MAX 8 Passenger,Economy,150,0,,15708,INR,1,Saturday,True,False,high,,,,False,False
2026-05-22T11:09:51.264616+00:00,6a10397df0114aa953e3fdfb,CCU,DEL,Kolkata,Delhi,CCU-DEL,2026-05-23,2026-05-23T12:55:00,2026-05-23T15:30:00,12,15,Air India,AI 1874,Airbus A320neo,Economy,155,0,,18141,INR,1,Saturday,True,False,high,,,,False,False
2026-05-22T11:09:51.264616+00:00,6a10397df0114aa953e3fdfb,CCU,DEL,Kolkata,Delhi,CCU-DEL,2026-05-23,2026-05-23T05:20:00,2026-05-23T07:45:00,5,7,IndiGo,6E 474,Airbus A321neo,Economy,145,0,,22997,INR,1,Saturday,True,False,high,,,,False,False
2026-05-22T11:09:51.264616+00:00,6a10397df0114aa953e3fdfb,CCU,DEL,Kolkata,Delhi,CCU-DEL,2026-05-23,2026-05-23T00:30:00,2026-05-23T03:05:00,0,3,Air India,AI 1832,Airbus A320neo,Economy,155,0,,24735,INR,1,Saturday,True,False,high,,,,False,False
2026-05-22T11:09:54.047360+00:00,6a10397f69819d5bcd12f4c2,GOI,BOM,Goa,Mumbai,GOI-BOM,2026-05-23,2026-05-23T18:20:00,2026-05-23T19:50:00,18,19,Air India Express,IX 1241,Boeing 737MAX 8 Passenger,Economy,90,0,,7888,INR,1,Saturday,True,False,medium,,,,False,True
2026-05-22T11:09:54.047360+00:00,6a10397f69819d5bcd12f4c2,GOI,BOM,Goa,Mumbai,GOI-BOM,2026-05-23,2026-05-23T19:55:00,2026-05-23T21:15:00,19,21,Air India Express,IX 2390,Airbus A320,Economy,80,0,,7888,INR,1,Saturday,True,False,medium,,,,False,True
2026-05-22T11:09:54.047360+00:00,6a10397f69819d5bcd12f4c2,GOI,BOM,Goa,Mumbai,GOI-BOM,2026-05-23,2026-05-23T00:05:00,2026-05-23T01:25:00,0,1,IndiGo,6E 6156,Airbus A320neo,Economy,80,0,,8847,INR,1,Saturday,True,False,medium,,,,False,False
2026-05-22T11:09:54.047360+00:00,6a10397f69819d5bcd12f4c2,GOI,BOM,Goa,Mumbai,GOI-BOM,2026-05-23,2026-05-23T21:30:00,2026-05-23T23:10:00,21,23,Air India,AI 2506,Airbus A320neo,Economy,100,0,,9634,INR,1,Saturday,True,False,medium,,,,False,False
2026-05-22T11:09:54.047360+00:00,6a10397f69819d5bcd12f4c2,GOI,BOM,Goa,Mumbai,GOI-BOM,2026-05-23,2026-05-23T16:30:00,2026-05-23T18:00:00,16,18,IndiGo,6E 5231,Airbus A321neo,Economy,90,0,,9162,INR,1,Saturday,True,False,medium,,,,False,False
2026-05-22T11:09:54.047360+00:00,6a10397f69819d5bcd12f4c2,GOI,BOM,Goa,Mumbai,GOI-BOM,2026-05-23,2026-05-23T06:40:00,2026-05-23T08:05:00,6,8,IndiGo,6E 2175,Airbus A320neo,Economy,85,0,,9687,INR,1,Saturday,True,False,medium,,,,False,False
2026-05-22T11:09:54.047360+00:00,6a10397f69819d5bcd12f4c2,GOI,BOM,Goa,Mumbai,GOI-BOM,2026-05-23,2026-05-23T15:15:00,2026-05-23T16:30:00,15,16,IndiGo,6E 626,Airbus A320,Economy,75,0,,9687,INR,1,Saturday,True,False,medium,,,,False,False
2026-05-22T11:09:54.047360+00:00,6a10397f69819d5bcd12f4c2,GOI,BOM,Goa,Mumbai,GOI-BOM,2026-05-23,2026-05-23T18:40:00,2026-05-23T19:55:00,18,19,IndiGo,6E 5242,Airbus A320neo,Economy,75,0,,9687,INR,1,Saturday,True,False,medium,,,,False,False
2026-05-22T11:09:54.047360+00:00,6a10397f69819d5bcd12f4c2,GOI,BOM,Goa,Mumbai,GOI-BOM,2026-05-23,2026-05-23T14:55:00,2026-05-23T16:30:00,14,16,Air India,AI 2478,Airbus A320neo,Economy,95,0,,13603,INR,1,Saturday,True,False,high,,,,False,False
2026-05-22T11:09:54.047360+00:00,6a10397f69819d5bcd12f4c2,GOI,BOM,Goa,Mumbai,GOI-BOM,2026-05-23,2026-05-23T17:30:00,2026-05-23T18:55:00,17,18,Air India,AI 2746,Airbus A319,Economy,85,0,,13603,INR,1,Saturday,True,False,high,,,,False,False
2026-05-22T11:09:54.047360+00:00,6a10397f69819d5bcd12f4c2,GOI,BOM,Goa,Mumbai,GOI-BOM,2026-05-23,2026-05-23T14:15:00,2026-05-23T15:40:00,14,15,Air India Express,IX 1214,Boeing 737MAX 8 Passenger,Economy,85,0,,14030,INR,1,Saturday,True,False,high,,,,False,False
2026-05-22T11:09:54.047360+00:00,6a10397f69819d5bcd12f4c2,GOI,BOM,Goa,Mumbai,GOI-BOM,2026-05-23,2026-05-23T07:00:00,2026-05-23T08:30:00,7,8,Air India,AI 604,Airbus A320neo,Premium Economy,90,0,,20267,INR,1,Saturday,True,False,high,,,,False,False
